CustomerID,Gender,Age,CityTier,AnnualIncome,MembershipLevel,TotalTransactions,AvgTransactionValue,SatisfactionScore,LoginFrequency,CartAbandonRate,IsChurned,AnnualIncome_zscore,AvgTransactionValue_zscore,LoginFrequency_zscore
C001,Other,2.0,Tier 2,609605.0,Platinum,,1144.0,,27.0,28.0,No,0.06772721772575384,-0.1607580065653786,0.5382223349631685
C002,Male,28.0,Tier 2,627722.0,Silver,15.0,1809.0,5.0,9.0,25.0,Yes,0.14083582631971062,1.2575995316754924,-1.5020439208783531
C003,Male,60.0,Tier 2,521901.0,Gold,15.0,1106.0,1.0,30.0,31.0,Yes,-0.28618995443985773,-0.24180700875057123,0.8782667109367555
C004,Other,38.0,Tier 1,739505.0,Gold,22.0,1506.0,4.0,11.0,17.0,No,0.5919204205935015,0.6113403826725091,-1.2753476702292952
C005,Other,55.0,Tier 3,493663.0,Platinum,7.0,1417.0,,21.0,2.0,Yes,-0.40014043683076966,0.42151508808087373,-0.14186641698400534
C006,Other,52.0,Tier 3,494389.0,Silver,12.0,1013.0,1.0,27.0,14.0,Yes,-0.3972107658124326,-0.4401637772564374,0.5382223349631685
C007,Other,51.0,Tier 3,2048392.0,Gold,22.0,434.0,1.0,11.0,32.0,Yes,5.8737500489380565,-1.6750946263413462,-1.2753476702292952
C008,Female,51.0,Tier 2,343009.0,Platinum,25.0,975.0,1.0,7.0,16.0,Yes,-1.0080834913714753,-0.52121277944163,-1.728740171527411
C009,Male,58.0,Tier 1,,Silver,21.0,1325.0,4.0,20.0,8.0,No,,0.22529118805356527,-0.2552145423085343
C010,Female,44.0,,441037.0,Silver,7.0,635.0,4.0,34.0,30.0,Yes,-0.6125052674244424,-1.2463880621512484,1.3316592122348714
C011,Male,59.0,Tier 1,725877.0,Silver,16.0,,4.0,21.0,33.0,No,0.536926540926976,,-0.14186641698400534
C012,Male,21.0,Tier 3,,Gold,,630.0,1.0,14.0,17.0,Yes,,-1.2570524045440368,-0.9353032942557082
C013,Other,23.0,Tier 3,484674.0,Platinum,16.0,1244.0,,25.0,6.0,No,-0.4364142836404554,0.052528841290391495,0.31152608431411055
C014,Male,40.0,Tier 1,411880.0,Platinum,24.0,1350.0,1.0,10.0,11.0,Yes,-0.7301642452228636,0.27861290001750777,-1.3886957955538242
C015,Other,39.0,Tier 3,477923.0,Silver,,1083.0,3.0,29.0,2.0,Yes,-0.4636569958233666,-0.29086298375739833,0.7649185856122265
C016,Other,20.0,Tier 3,,Gold,5.0,1940.0,1.0,34.0,11.0,Yes,,1.5370053023665513,1.3316592122348714
C017,Male,29.0,Tier 1,548380.0,Gold,11.0,776.0,1.0,33.0,24.0,Yes,-0.17933766946114263,-0.9456536066746125,1.2183110869103424
C018,Male,19.0,Tier 2,648705.0,Gold,25.0,711.0,1.0,25.0,18.0,No,0.22550977532489883,-1.084290057780863,0.31152608431411055
C019,Female,38.0,Tier 3,575063.0,Silver,38.0,416.0,2.0,28.0,22.0,Yes,-0.071662171138432,-1.7134862589553848,0.6515704602876975
C020,Other,37.0,Tier 3,390617.0,Silver,16.0,1278.0,3.0,16.0,29.0,No,-0.815968094896281,0.12504636956135332,-0.7086070436066503
C021,Female,46.0,Tier 1,638615.0,Platinum,20.0,1268.0,2.0,13.0,4.0,No,0.18479299767335475,0.10371768477577632,-1.0486514195802372
C022,Other,22.0,Tier 3,536122.0,Gold,4.0,1079.0,4.0,29.0,5.0,Yes,-0.228803106572404,-0.29939445767162914,0.7649185856122265
C023,Female,26.0,Tier 3,372577.0,Gold,20.0,912.0,2.0,15.0,19.0,No,-0.8887659808064747,-0.6555834935907652,-0.8219551689311793
C024,Other,33.0,Tier 1,494723.0,Platinum,16.0,,4.0,8.0,28.0,Yes,-0.3958629557296164,,-1.6153920462028821
C025,Other,42.0,Tier 2,591234.0,Gold,23.0,494.0,,28.0,12.0,Yes,-0.0064063721886679715,-1.5471225176278842,0.6515704602876975
C026,Other,52.0,Tier 2,588890.0,Gold,5.0,1045.0,3.0,31.0,28.0,Yes,-0.015865254925557893,-0.37191198594259095,0.9916148362612844
C027,Female,19.0,Tier 1,468769.0,Platinum,11.0,77.0,2.0,13.0,18.0,Yes,-0.5005966769554018,-2.4365286731864453,-1.0486514195802372
C028,Other,56.0,Tier 3,623401.0,Silver,22.0,1432.0,2.0,27.0,21.0,Yes,0.12339903779321686,0.45350811525923923,0.5382223349631685
C029,Other,20.0,Tier 2,656529.0,Silver,7.0,1557.0,4.0,30.0,19.0,No,0.2570824282828454,0.7201166750789518,0.8782667109367555
C030,Female,45.0,Tier 3,640599.0,Silver,18.0,1117.0,4.0,13.0,18.0,No,0.19279915097966432,-0.21834545548643652,-1.0486514195802372
C031,Other,18.0,Tier 1,475182.0,Silver,19.0,623.0,4.0,25.0,35.0,No,-0.47471791629342436,-1.2719824838939406,0.31152608431411055
C032,Female,47.0,Tier 2,589751.0,Platinum,9.0,1590.0,5.0,16.0,14.0,No,-0.012390810370753189,0.790501334871356,-0.7086070436066503
C033,Male,,Tier 3,,Gold,19.0,1589.0,4.0,8.0,32.0,Yes,,0.7883684663927983,-1.6153920462028821
C034,Female,49.0,Tier 3,527720.0,Gold,21.0,1671.0,2.0,36.0,29.0,Yes,-0.2627081973383379,0.9632636816345298,1.5583554628839293
C035,Other,24.0,Tier 1,442215.0,Silver,4.0,1533.0,1.0,29.0,6.0,No,-0.6077516138988212,0.6689278315935671,0.7649185856122265
C036,Other,55.0,Tier 1,585587.0,Gold,9.0,784.0,3.0,16.0,19.0,No,-0.029194047451132722,-0.9285906588461509,-0.7086070436066503
C037,Female,23.0,Tier 2,,Silver,22.0,3580.0,3.0,12.0,30.0,Yes,,5.034909607201181,-1.1619995449047662
C038,Other,45.0,Tier 2,593367.0,Gold,14.0,1815.0,4.0,21.0,18.0,No,0.0022010496875206793,1.2703967425468388,-0.14186641698400534
C039,Other,18.0,Tier 3,545700.0,Platinum,5.0,1825.0,4.0,7.0,17.0,No,-0.19015243299990756,1.2917254273324157,-1.728740171527411
C040,Other,18.0,Tier 1,235630.0,Silver,13.0,1528.0,4.0,19.0,34.0,Yes,-1.441396362277833,0.6582634892007785,-0.3685626676330633
C041,Male,35.0,Tier 2,560445.0,Silver,22.0,1080.0,4.0,24.0,26.0,No,-0.13065105673905353,-0.29726158919307144,0.1981779589895816
C042,Male,33.0,Tier 1,561011.0,Gold,16.0,404.0,2.0,23.0,23.0,No,-0.12836704324541884,-1.7390806806980772,0.08482983366505262
C043,Male,51.0,Tier 1,523639.0,Silver,12.0,1342.0,3.0,19.0,33.0,Yes,-0.27917649957777807,0.2615499521890462,-0.3685626676330633
C044,Other,22.0,Tier 3,727347.0,Gold,7.0,992.0,1.0,18.0,11.0,No,0.5428585194351792,-0.4849540153061491,-0.48191079295759226
C045,Other,29.0,Tier 1,452980.0,Gold,18.0,999.0,4.0,,24.0,No,-0.5643109685649389,-0.4700239359562452,
C046,Other,45.0,Tier 2,659848.0,Gold,15.0,1331.0,4.0,28.0,5.0,No,0.27047578656089044,0.23808839892491146,0.6515704602876975
C047,Female,32.0,Tier 2,486428.0,Platinum,8.0,1405.0,3.0,18.0,7.0,No,-0.42933626302590555,0.39592066633818135,-0.48191079295759226
C048,Other,44.0,Tier 1,561649.0,Platinum,12.0,1587.0,3.0,10.0,6.0,Yes,-0.12579248386566808,0.7841027294356829,-1.3886957955538242
C049,Other,43.0,Tier 3,,Platinum,25.0,1068.0,3.0,7.0,22.0,Yes,,-0.3228560109357638,-1.728740171527411
C050,Other,22.0,Tier 2,502947.0,Silver,19.0,614.0,4.0,30.0,28.0,Yes,-0.36267615895991384,-1.29117830020096,0.8782667109367555
C051,Female,59.0,Tier 2,585534.0,Platinum,11.0,1304.0,5.0,8.0,14.0,No,-0.02940792150619039,0.18050095000385355,-1.6153920462028821
C052,Male,60.0,Tier 3,2001022.0,Silver,,1106.0,2.0,31.0,2.0,Yes,5.682595068030857,-0.24180700875057123,0.9916148362612844
C053,Male,52.0,Tier 1,380155.0,Gold,,1031.0,4.0,22.0,25.0,Yes,-0.8581860262927581,-0.4017721446423988,-0.028518291659476364
C054,Female,50.0,,508874.0,Platinum,,879.0,1.0,9.0,22.0,Yes,-0.3387585830292199,-0.7259681533831693,-1.5020439208783531
C055,Male,35.0,Tier 3,530645.0,Platinum,17.0,1361.0,5.0,21.0,28.0,No,-0.2509047707148725,0.3020744532816425,-0.14186641698400534
C056,Female,44.0,Tier 2,776342.0,Silver,6.0,1269.0,3.0,25.0,23.0,No,0.7405709595776372,0.10585055325433401,0.31152608431411055
C057,Female,60.0,Tier 2,580906.0,Platinum,20.0,1170.0,1.0,10.0,16.0,Yes,-0.04808356540820683,-0.10530342612287837,-1.3886957955538242
C058,Other,60.0,,319747.0,Gold,8.0,1189.0,1.0,19.0,23.0,No,-1.101954024744143,-0.06477892503028206,-0.3685626676330633
C059,Other,38.0,Tier 3,557227.0,Platinum,18.0,2185.0,3.0,18.0,20.0,No,-0.1436368437046302,2.059558079613188,-0.48191079295759226
C060,Other,60.0,Tier 1,,Gold,12.0,1320.0,4.0,29.0,24.0,Yes,,0.21462684566077675,0.7649185856122265
C061,Female,19.0,Tier 1,545834.0,Platinum,,732.0,5.0,18.0,8.0,No,-0.18961169482296933,-1.0394998197311514,-0.48191079295759226
C062,Other,23.0,Tier 2,687138.0,Silver,20.0,1500.0,2.0,13.0,11.0,Yes,0.38060074811794076,0.5985431718011629,-1.0486514195802372
C063,Male,58.0,Tier 3,644923.0,Platinum,14.0,836.0,1.0,32.0,5.0,Yes,0.21024804558474622,-0.8176814979611504,1.1049629615858134
C064,Female,47.0,Tier 1,718335.0,Silver,18.0,639.0,1.0,27.0,32.0,Yes,0.5064918593563174,-1.2378565882370176,0.5382223349631685
C065,Female,24.0,Tier 2,620422.0,Silver,18.0,2076.0,3.0,28.0,23.0,Yes,0.11137770175516436,1.8270754154503985,0.6515704602876975
C066,Other,42.0,Tier 3,431135.0,Silver,8.0,973.0,4.0,9.0,26.0,No,-0.6524633974844611,-0.5254785163987454,-1.5020439208783531
C067,Male,60.0,Tier 3,561958.0,Platinum,15.0,998.0,4.0,,8.0,Yes,-0.12454555777108661,-0.4721568044348029,
C068,Other,39.0,Tier 3,363920.0,Platinum,9.0,1227.0,2.0,31.0,30.0,Yes,-0.9237000882524031,0.016270077154910582,0.9916148362612844
C069,Female,48.0,Tier 1,422523.0,Gold,20.0,1389.0,5.0,27.0,25.0,Yes,-0.687215913751567,0.3617947706812581,0.5382223349631685
C070,Other,51.0,Tier 2,439669.0,Platinum,11.0,1819.0,,14.0,7.0,Yes,-0.6180256392606478,1.2789282164610696,-0.9353032942557082
C071,Female,24.0,Tier 3,,Gold,19.0,,3.0,30.0,29.0,No,,,0.8782667109367555
C072,Male,37.0,Tier 1,511352.0,Silver,,1057.0,2.0,24.0,28.0,Yes,-0.32875896211539174,-0.34631756419989856,0.1981779589895816
C073,Other,41.0,Tier 3,616734.0,Silver,24.0,1617.0,3.0,30.0,8.0,No,0.09649529581077441,0.8480887837924139,0.8782667109367555
C074,Male,20.0,Tier 2,613173.0,Gold,9.0,1745.0,,32.0,4.0,No,0.08212538052661698,1.1210959490477996,1.1049629615858134
C075,Other,43.0,Tier 3,854699.0,Gold,24.0,1070.0,4.0,19.0,13.0,No,1.0567696262220414,-0.3185902739786485,-0.3685626676330633
C076,Female,51.0,Tier 1,525295.0,Silver,6.0,623.0,4.0,,24.0,No,-0.27249394419710843,-1.2719824838939406,
C077,Female,58.0,Tier 1,692887.0,Platinum,8.0,1719.0,,18.0,4.0,No,0.4038000300524033,1.0656413686052995,-0.48191079295759226
C078,Female,41.0,Tier 1,445942.0,Platinum,4.0,1447.0,5.0,29.0,20.0,No,-0.592711828932785,0.4855011424376048,0.7649185856122265
C079,Male,25.0,Tier 1,696048.0,Silver,14.0,1290.0,3.0,29.0,13.0,Yes,0.41655580152480476,0.15064079130404573,0.7649185856122265
C080,Male,30.0,Tier 1,2169480.0,Gold,8.0,1269.0,4.0,33.0,10.0,Yes,6.36238366363282,0.10585055325433401,1.2183110869103424
C081,Female,47.0,Tier 2,403977.0,Platinum,17.0,1619.0,5.0,17.0,16.0,No,-0.762055691583632,0.8523545207495293,-0.5952589182821213
C082,Male,34.0,Tier 3,709012.0,Silver,22.0,1493.0,5.0,8.0,3.0,No,0.4688702024638154,0.583613092451259,-1.6153920462028821
C083,Other,31.0,Tier 2,435460.0,Platinum,19.0,899.0,4.0,21.0,31.0,Yes,-0.6350104675198499,-0.6833107838120153,-0.14186641698400534
C084,Female,38.0,Tier 2,414348.0,Platinum,7.0,1507.0,3.0,20.0,12.0,No,-0.7202049779043294,0.6134732511510668,-0.2552145423085343
C085,Male,28.0,Tier 3,702206.0,Silver,11.0,,4.0,28.0,2.0,No,0.44140554550678773,,0.6515704602876975
C086,Male,34.0,Tier 2,662864.0,Silver,16.0,852.0,5.0,10.0,23.0,No,0.28264643090153035,-0.7835556023042273,-1.3886957955538242
C087,Male,30.0,Tier 2,567503.0,Gold,8.0,652.0,5.0,26.0,21.0,No,-0.10216948918061963,-1.2101292980157674,0.42487420963863953
C088,Other,54.0,Tier 1,457386.0,Platinum,,1551.0,5.0,25.0,35.0,No,-0.546531174478447,0.7073194642076056,0.31152608431411055
C089,Male,33.0,Tier 3,1952081.0,Silver,20.0,1683.0,1.0,24.0,32.0,No,5.485100537302986,0.9888581033772221,0.1981779589895816
C090,Male,47.0,Tier 2,614555.0,Platinum,23.0,2293.0,3.0,16.0,15.0,No,0.08770224739623382,2.28990787529742,-0.7086070436066503
C091,Female,48.0,Tier 3,561251.0,Gold,15.0,637.0,3.0,36.0,18.0,Yes,-0.12739855695836527,-1.242122325194133,1.5583554628839293
C092,Male,52.0,Tier 3,545856.0,Platinum,20.0,814.0,3.0,31.0,12.0,No,-0.18952291691332274,-0.8646046044894199,0.9916148362612844
C093,Female,59.0,Tier 2,667261.0,Silver,5.0,1216.0,2.0,33.0,33.0,No,0.30038990675225774,-0.007191476109224128,1.2183110869103424
C094,Male,18.0,Tier 3,533527.0,Platinum,8.0,1150.0,1.0,27.0,,No,-0.23927486455117078,-0.1479607956940324,0.5382223349631685
C095,Female,54.0,Tier 1,638840.0,Gold,25.0,1019.0,,21.0,23.0,Yes,0.1857009535674675,-0.4273665663850912,-0.14186641698400534
C096,Female,59.0,Tier 1,643245.0,Gold,13.0,1618.0,3.0,11.0,31.0,No,0.20347671229442998,0.8502216522709716,-1.2753476702292952
C097,Female,53.0,Tier 3,508942.0,Platinum,6.0,829.0,5.0,35.0,11.0,No,-0.33848417858122143,-0.8326115773110544,1.4450073375594004
C098,Male,31.0,Tier 2,488444.0,Gold,,1484.0,1.0,30.0,6.0,No,-0.4212009782146555,0.5644172761442398,0.8782667109367555
C099,Other,22.0,Tier 1,561097.0,Silver,8.0,1452.0,4.0,21.0,26.0,Yes,-0.1280200023258913,0.4961654848303933,-0.14186641698400534
C100,Other,40.0,Tier 3,761552.0,Silver,18.0,1292.0,2.0,15.0,9.0,No,0.6808879921379606,0.15490652826116114,-0.8219551689311793
C101,Other,19.0,Tier 1,452927.0,Platinum,5.0,1622.0,1.0,14.0,22.0,No,-0.5645248426199965,0.8587531261852024,-0.9353032942557082
C102,Male,37.0,Tier 3,556163.0,Platinum,9.0,1548.0,3.0,32.0,28.0,No,-0.14793046624390108,0.7009208587719326,1.1049629615858134
C103,Female,29.0,Tier 2,677943.0,Silver,21.0,816.0,4.0,,30.0,Yes,0.34349561724520067,-0.8603388675323045,
C104,Other,30.0,Tier 2,715840.0,Silver,25.0,1562.0,3.0,13.0,9.0,No,0.4964236373304896,0.7307810174717404,-1.0486514195802372
C105,Male,56.0,Tier 2,477531.0,Gold,13.0,1321.0,1.0,31.0,15.0,No,-0.4652388567588875,0.21675971413933445,0.9916148362612844
C106,Male,54.0,Tier 3,580864.0,Platinum,10.0,1209.0,4.0,17.0,33.0,No,-0.04825305050844121,-0.022121555459128035,-0.5952589182821213
C107,Female,28.0,Tier 2,654629.0,Platinum,,1774.0,1.0,33.0,6.0,Yes,0.24941524517700459,1.1829491349259729,1.2183110869103424
C108,Male,50.0,Tier 1,550876.0,Gold,38.0,3267.0,3.0,23.0,29.0,Yes,-0.16926541207578547,4.367321773412621,0.08482983366505262
C109,Male,24.0,Tier 1,664480.0,Gold,16.0,1460.0,3.0,27.0,4.0,No,0.28916757190102443,0.5132284326588549,0.5382223349631685
C110,Female,53.0,,512167.0,Gold,7.0,1503.0,5.0,9.0,19.0,Yes,-0.325470144098939,0.6049417772368361,-1.5020439208783531
C111,Male,,Tier 1,457260.0,Gold,22.0,1105.0,5.0,11.0,7.0,No,-0.5470396297791501,-0.2439398772291289,-1.2753476702292952
C112,Male,24.0,Tier 1,491756.0,Gold,24.0,1232.0,3.0,12.0,26.0,No,-0.4078358674533162,0.026934419547699085,-1.1619995449047662
C113,Male,22.0,Tier 1,827759.0,Gold,4.0,453.0,1.0,21.0,34.0,Yes,0.9480570405002775,-1.63457012524875,-0.14186641698400534
C114,Male,40.0,Tier 3,632351.0,Gold,21.0,554.0,2.0,15.0,33.0,Yes,0.15951550558125643,-1.419150408914422,-0.8219551689311793
C115,Female,35.0,Tier 2,493368.0,Platinum,10.0,,4.0,32.0,30.0,Yes,-0.40133086789193967,,1.1049629615858134
C116,Female,38.0,Tier 3,557713.0,Gold,19.0,768.0,3.0,10.0,14.0,Yes,-0.14167565897334672,-0.9627165545030741,-1.3886957955538242
C117,Other,53.0,Tier 3,464163.0,Gold,17.0,1471.0,3.0,32.0,30.0,No,-0.5191835429477716,0.5366899859229896,1.1049629615858134
C118,Other,43.0,Tier 3,462356.0,Platinum,24.0,1286.0,3.0,25.0,27.0,No,-0.5264754376173791,0.14210931738981494,0.31152608431411055
C119,Female,,Tier 2,555468.0,Platinum,16.0,939.0,2.0,10.0,7.0,Yes,-0.15073504111682703,-0.5979960446697072,-1.3886957955538242
C120,Female,37.0,Tier 1,807273.0,Platinum,,,3.0,12.0,17.0,Yes,0.8653886651811961,,-1.1619995449047662
C121,Female,53.0,Tier 2,306982.0,Platinum,23.0,1274.0,1.0,31.0,6.0,Yes,-1.1534653891368052,0.11651489564712252,0.9916148362612844
C122,Female,38.0,Tier 1,470585.0,Platinum,16.0,1540.0,5.0,32.0,7.0,No,-0.4932684640500297,0.6838579109434709,1.1049629615858134
C123,Male,33.0,Tier 1,454897.0,Platinum,9.0,1154.0,2.0,11.0,30.0,No,-0.5565751843470984,-0.13942932177980158,-1.2753476702292952
C124,Male,49.0,Tier 2,610598.0,Platinum,18.0,,2.0,24.0,31.0,No,0.071734329738438,,0.1981779589895816
C125,Other,50.0,Tier 1,405964.0,Platinum,18.0,1066.0,2.0,21.0,7.0,Yes,-0.7540374321987343,-0.32712174789287923,-0.14186641698400534
C126,Male,31.0,Tier 3,493006.0,Gold,10.0,938.0,5.0,17.0,20.0,No,-0.40279166804157884,-0.600128913148265,-0.5952589182821213
C127,Other,24.0,Tier 2,761854.0,Silver,8.0,1361.0,4.0,15.0,26.0,Yes,0.6821066707158363,0.3020744532816425,-0.8219551689311793
C128,Female,50.0,Tier 3,398693.0,Gold,6.0,1567.0,3.0,19.0,29.0,No,-0.7833785313369283,0.7414453598645289,-0.3685626676330633
C129,Female,38.0,Tier 2,804658.0,Gold,5.0,1612.0,1.0,,29.0,Yes,0.8548362000118415,0.8374244413996255,
C130,Other,37.0,Tier 2,367675.0,Platinum,16.0,1006.0,4.0,7.0,6.0,Yes,-0.9085473132195441,-0.45509385660634133,-1.728740171527411
C131,Other,,Tier 3,702029.0,Platinum,16.0,916.0,3.0,31.0,10.0,Yes,0.44069128687008574,-0.6470520196765344,0.9916148362612844
C132,Male,51.0,Tier 3,603258.0,Platinum,23.0,1509.0,1.0,30.0,29.0,Yes,0.042114790792716156,0.6177389881081822,0.8782667109367555
C133,Male,35.0,Tier 1,438768.0,,13.0,1176.0,4.0,35.0,17.0,Yes,-0.6216614981966281,-0.09250621525153216,1.4450073375594004
C134,Male,49.0,Tier 1,161047.0,Gold,22.0,790.0,4.0,7.0,2.0,Yes,-1.7423655820583197,-0.9157934479748047,-1.728740171527411
C135,Male,43.0,Tier 3,519691.0,Gold,23.0,,2.0,17.0,6.0,No,-0.2951080989998094,,-0.5952589182821213
C136,Other,33.0,Tier 1,745889.0,Silver,9.0,627.0,2.0,23.0,18.0,Yes,0.6176821558291267,-1.2634510099797098,0.08482983366505262
C137,Other,35.0,Tier 1,1911991.0,Gold,22.0,1252.0,1.0,18.0,8.0,Yes,5.323322973769745,0.06959178911885311,-0.48191079295759226
C138,Male,,Tier 1,722952.0,Silver,5.0,625.0,4.0,36.0,19.0,No,0.5251231143035106,-1.2677167469368253,1.5583554628839293
C139,Male,50.0,Tier 1,689579.0,Gold,13.0,1204.0,,25.0,17.0,No,0.3904510607291815,-0.03278589785191654,0.31152608431411055
C140,Male,52.0,Tier 1,,Platinum,4.0,399.0,3.0,14.0,5.0,Yes,,-1.7497450230908658,-0.9353032942557082
C141,Other,35.0,Tier 1,605452.0,Gold,22.0,1119.0,1.0,28.0,17.0,No,0.05096836960019759,-0.21407971852932112,0.6515704602876975
C142,Female,38.0,Tier 2,557307.0,Platinum,18.0,1458.0,2.0,34.0,12.0,No,-0.14331401494227902,0.5089626957017395,1.3316592122348714
C143,Other,56.0,Tier 2,565131.0,Gold,12.0,441.0,4.0,10.0,10.0,Yes,-0.11174136198433246,-1.6601645469914423,-1.3886957955538242
C144,Male,26.0,Tier 2,703664.0,Platinum,,953.0,4.0,34.0,23.0,No,0.4472890997006382,-0.5681358859698995,1.3316592122348714
C145,Male,28.0,Tier 2,,Platinum,9.0,1474.0,5.0,16.0,32.0,No,,0.5430885913586627,-0.7086070436066503
C146,Female,26.0,Tier 3,558516.0,Platinum,15.0,1375.0,5.0,,,No,-0.13843526527124664,0.3319346119814503,
C147,Male,48.0,Tier 3,536980.0,Platinum,5.0,1005.0,4.0,34.0,17.0,No,-0.22534076809618747,-0.45722672508489903,1.3316592122348714
C148,Other,19.0,Tier 2,574911.0,Silver,19.0,,1.0,23.0,23.0,Yes,-0.07227554578689926,,0.08482983366505262
C149,Male,39.0,,494256.0,Silver,15.0,951.0,4.0,17.0,12.0,No,-0.39774746862984145,-0.5724016229270148,-0.5952589182821213
C150,Other,49.0,Tier 1,507341.0,Platinum,22.0,1580.0,3.0,29.0,27.0,Yes,-0.34494478918777466,0.769172650085779,0.7649185856122265
C151,Male,56.0,Tier 3,724306.0,Silver,15.0,1344.0,1.0,30.0,,Yes,0.5305869911063045,0.2658156891461616,0.8782667109367555
C152,Male,22.0,Tier 1,619757.0,Gold,19.0,948.0,4.0,31.0,12.0,Yes,0.10869418766812007,-0.578800228362688,0.9916148362612844
C153,Female,19.0,Tier 1,655210.0,Platinum,6.0,1420.0,1.0,26.0,12.0,No,0.2517597890635801,0.42791369351654684,0.42487420963863953
C154,Male,30.0,Tier 3,464784.0,Gold,16.0,484.0,,33.0,32.0,Yes,-0.5166775846800205,-1.5684512024134611,1.2183110869103424
C155,Male,28.0,Tier 1,403531.0,Gold,6.0,932.0,4.0,15.0,18.0,No,-0.7638554619337399,-0.6129261240196112,-0.8219551689311793
C156,Other,21.0,Tier 3,689432.0,Platinum,11.0,1821.0,4.0,36.0,17.0,Yes,0.38985786287836116,1.2831939534181849,1.5583554628839293
C157,Female,20.0,Tier 3,497257.0,Silver,9.0,1036.0,4.0,13.0,11.0,No,-0.3856373546821424,-0.3911078022496103,-1.0486514195802372
C158,Female,22.0,Tier 3,581394.0,Gold,39.0,1204.0,2.0,31.0,8.0,Yes,-0.046114309957864565,-0.03278589785191654,0.9916148362612844
C159,Female,52.0,Tier 2,661712.0,,8.0,990.0,4.0,,32.0,No,0.2779976967236732,-0.48921975226326453,
C160,Male,39.0,Tier 2,663897.0,Platinum,8.0,1104.0,3.0,27.0,30.0,No,0.28681495729539014,-0.2460727457076866,0.5382223349631685
C161,Other,49.0,Tier 2,652476.0,Gold,20.0,1091.0,2.0,,25.0,No,0.24072711611022812,-0.27380003592893676,
C162,Female,47.0,Tier 3,476428.0,Gold,19.0,1964.0,3.0,,5.0,Yes,-0.46968985831980453,1.5881941458519362,
C163,Male,59.0,Tier 1,,,24.0,483.0,5.0,29.0,29.0,No,,-1.570584070892019,0.7649185856122265
C164,Female,34.0,Tier 2,496387.0,,15.0,1681.0,1.0,15.0,19.0,No,-0.38914811747271155,0.9845923664201067,-0.8219551689311793
C165,Male,27.0,Tier 1,406400.0,Platinum,8.0,1508.0,3.0,,14.0,Yes,-0.7522780154439203,0.6156061196296245,
C166,Other,52.0,Tier 2,630046.0,Silver,9.0,920.0,5.0,28.0,7.0,Yes,0.15021400186601272,-0.6385205457623035,0.6515704602876975
C167,Other,37.0,Tier 2,548941.0,Silver,22.0,363.0,2.0,19.0,28.0,Yes,-0.1770738327651549,-1.8265282883189429,-0.3685626676330633
C168,Male,30.0,Tier 3,762451.0,Platinum,14.0,1076.0,1.0,31.0,12.0,Yes,0.6845157803548821,-0.30579306310730225,0.9916148362612844
C169,Male,57.0,Tier 2,646457.0,Silver,4.0,1445.0,1.0,14.0,24.0,Yes,0.21643828710283033,0.4812354054804894,-0.9353032942557082
C170,Female,50.0,Tier 1,712945.0,Gold,14.0,1026.0,4.0,36.0,,Yes,0.48474127149290586,-0.4124364870351873,1.5583554628839293
C171,Other,26.0,Tier 1,574458.0,Platinum,24.0,,1.0,,9.0,No,-0.07410356365371289,,
C172,Male,53.0,Tier 3,654704.0,Gold,20.0,1661.0,1.0,16.0,8.0,Yes,0.2497178971417088,0.9419349968489528,-0.7086070436066503
C173,Female,51.0,Tier 2,,Gold,19.0,4738.0,1.0,11.0,34.0,Yes,,7.504771305370999,-1.2753476702292952
C174,Female,59.0,Tier 2,463786.0,Silver,25.0,1114.0,,27.0,24.0,No,-0.5207048734903517,-0.2247440609221096,0.5382223349631685
C175,Other,23.0,Tier 2,587308.0,Gold,19.0,1790.0,1.0,34.0,28.0,No,-0.02224919370105271,1.2170750305828961,1.3316592122348714
C176,Other,46.0,Tier 2,652919.0,Platinum,19.0,,3.0,35.0,16.0,No,0.24251478038174784,,1.4450073375594004
C177,Other,51.0,Tier 3,547718.0,Gold,8.0,798.0,,23.0,33.0,Yes,-0.18200907746959874,-0.898730500146343,0.08482983366505262
C178,Female,38.0,,547778.0,Gold,18.0,1084.0,4.0,30.0,8.0,Yes,-0.18176695589783534,-0.2887301152788406,0.8782667109367555
C179,Other,,Tier 1,588726.0,Platinum,18.0,,2.0,31.0,32.0,No,-0.016527053888377833,,0.9916148362612844
C180,Other,46.0,Tier 3,612321.0,Gold,,1813.0,4.0,13.0,27.0,Yes,0.0786872542075768,1.2661310055897232,-1.0486514195802372
C181,Other,39.0,,536948.0,Silver,25.0,1360.0,1.0,36.0,32.0,Yes,-0.22546989960112795,0.2999415848030848,1.5583554628839293
C182,Other,55.0,Tier 1,632817.0,Gold,23.0,1039.0,3.0,11.0,34.0,No,0.16139598312195214,-0.38470919681393717,-1.2753476702292952
C183,Other,53.0,Tier 1,576891.0,Platinum,9.0,1205.0,1.0,25.0,28.0,No,-0.06428553391870727,-0.03065302937335884,0.31152608431411055
C184,Female,18.0,Tier 1,,Gold,13.0,,3.0,18.0,8.0,Yes,,,-0.48191079295759226
C185,Other,59.0,Tier 1,552941.0,Platinum,16.0,1399.0,,13.0,30.0,No,-0.16093239464759532,0.38312345546683513,-1.0486514195802372
C186,Other,52.0,Tier 1,724137.0,Silver,9.0,,3.0,25.0,2.0,Yes,0.5299050153458376,,0.31152608431411055
C187,Male,27.0,,808381.0,Platinum,21.0,893.0,2.0,32.0,28.0,No,0.8698598435397601,-0.6961079946833615,1.1049629615858134
C188,Male,40.0,Tier 1,654678.0,Platinum,,1273.0,5.0,8.0,22.0,Yes,0.24961297779394467,0.11438202716856483,-1.6153920462028821
C189,Female,34.0,,812776.0,Platinum,5.0,876.0,1.0,31.0,2.0,Yes,0.8875952486714287,-0.7323667588188424,0.9916148362612844
C190,Other,58.0,Tier 3,449233.0,Platinum,17.0,960.0,,8.0,5.0,No,-0.5794314607215628,-0.5532058066199955,-1.6153920462028821
C191,Other,22.0,Tier 1,295132.0,Gold,40.0,2939.0,1.0,29.0,24.0,Yes,-1.2012843995600755,3.6677409124456943,0.7649185856122265
C192,Female,37.0,Tier 2,486909.0,,11.0,434.0,5.0,16.0,25.0,Yes,-0.427395255092269,-1.6750946263413462,-0.7086070436066503
C193,Other,53.0,,593497.0,Silver,15.0,1428.0,2.0,33.0,9.0,Yes,0.002725646426341366,0.4449766413450085,1.2183110869103424
C194,Other,47.0,Tier 1,666462.0,Platinum,15.0,1496.0,,22.0,21.0,Yes,0.29716565448827525,0.5900116978869321,-0.028518291659476364
C195,Other,54.0,Tier 2,727199.0,Silver,12.0,1480.0,4.0,16.0,8.0,Yes,0.5422612862248294,0.5558858022300089,-0.7086070436066503
C196,Female,26.0,Tier 1,,Silver,,1170.0,5.0,15.0,32.0,Yes,,-0.10530342612287837,-0.8219551689311793
C197,Female,43.0,Tier 3,516133.0,Platinum,4.0,1318.0,5.0,11.0,13.0,Yes,-0.30946590820537867,0.21036110870366137,-1.2753476702292952
C198,Other,48.0,Tier 1,,Gold,20.0,1336.0,4.0,27.0,35.0,No,,0.24875274131769998,0.5382223349631685
C199,Other,34.0,Tier 3,539630.0,Platinum,12.0,1310.0,3.0,32.0,2.0,Yes,-0.21464706534330424,0.19329816087519974,1.1049629615858134
C200,Female,28.0,Tier 3,583446.0,Gold,25.0,219.0,4.0,25.0,,Yes,-0.037833752203556496,-2.133661349231252,0.31152608431411055
C201,Male,54.0,Tier 1,441844.0,Silver,20.0,1156.0,1.0,33.0,7.0,No,-0.6092487322842247,-0.13516358482268617,1.2183110869103424
C202,Female,28.0,Tier 2,543341.0,Silver,9.0,1303.0,,11.0,14.0,No,-0.19967184612973832,0.17836808152529585,-1.2753476702292952
C203,Male,56.0,Tier 2,586281.0,Platinum,19.0,1806.0,1.0,27.0,28.0,Yes,-0.026393507937736135,1.2512009262398194,0.5382223349631685
C204,Other,51.0,Tier 2,587495.0,Platinum,22.0,1074.0,2.0,26.0,28.0,Yes,-0.0214945814690568,-0.31005880006441766,0.42487420963863953
C205,Other,18.0,Tier 1,358105.0,Gold,17.0,652.0,4.0,28.0,15.0,No,-0.9471657039158053,-1.2101292980157674,0.6515704602876975
C206,Male,41.0,Tier 2,614259.0,Platinum,25.0,1624.0,2.0,32.0,5.0,Yes,0.08650778097553441,0.8630188631423178,1.1049629615858134
C207,Male,27.0,Tier 3,734964.0,Silver,16.0,868.0,,12.0,,No,0.5735958529705419,-0.749429706647304,-1.1619995449047662
C208,Male,20.0,Tier 3,513536.0,Silver,9.0,1296.0,4.0,7.0,6.0,No,-0.3199457369032042,0.16343800217539195,-1.728740171527411
C209,Other,53.0,Tier 2,795687.0,Silver,4.0,1245.0,1.0,10.0,18.0,No,0.8186349896736848,0.0546617097689492,-1.3886957955538242
C210,Other,46.0,Tier 3,736151.0,Gold,4.0,1267.0,2.0,17.0,24.0,Yes,0.5783858247319278,0.10158481629721862,-0.5952589182821213
C211,Other,34.0,Tier 1,688389.0,Platinum,15.0,1610.0,2.0,30.0,18.0,Yes,0.3856489828892075,0.8331587044425101,0.8782667109367555
C212,Male,57.0,Tier 1,569930.0,Gold,21.0,791.0,3.0,35.0,19.0,No,-0.09237567160279035,-0.913660579496247,1.4450073375594004
C213,Female,32.0,,517708.0,,25.0,1795.0,5.0,7.0,26.0,No,-0.3031102169465896,1.2277393729756847,-1.728740171527411
C214,Female,57.0,Tier 1,655339.0,Platinum,17.0,1026.0,4.0,11.0,16.0,No,0.2522803504428714,-0.4124364870351873,-1.2753476702292952
C215,Male,53.0,Tier 2,508922.0,Gold,19.0,507.0,5.0,16.0,5.0,Yes,-0.3385648857718092,-1.519395227406634,-0.7086070436066503
C216,Male,31.0,Tier 2,723320.0,Gold,12.0,1554.0,5.0,27.0,20.0,No,0.526608126610326,0.7137180696432788,0.5382223349631685
C217,Other,46.0,Tier 2,533550.0,Silver,17.0,1280.0,1.0,17.0,20.0,No,-0.23918205128199482,0.12931210651846872,-0.5952589182821213
C218,Female,46.0,Tier 2,289496.0,Silver,33.0,1005.0,1.0,,32.0,Yes,-1.2240276858677168,-0.45722672508489903,
C219,Female,51.0,Tier 1,710133.0,Gold,13.0,1592.0,,34.0,32.0,No,0.47339384049626143,0.7947670718284714,1.3316592122348714
C220,Other,46.0,Tier 3,589684.0,Platinum,20.0,1194.0,4.0,21.0,28.0,No,-0.012661179459222313,-0.054114582637493545,-0.14186641698400534
C221,Male,18.0,Tier 1,,Gold,4.0,1087.0,1.0,35.0,27.0,No,,-0.2823315098431675,1.4450073375594004
C222,Female,32.0,Tier 2,350236.0,Platinum,13.0,1197.0,2.0,16.0,31.0,No,-0.9789199480525744,-0.04771597720182044,-0.7086070436066503
C223,Other,57.0,,598374.0,Silver,8.0,1649.0,,20.0,33.0,No,0.022406094851175895,0.9163405751062603,-0.2552145423085343
C224,Other,20.0,,,Gold,12.0,1150.0,2.0,14.0,4.0,Yes,,-0.1479607956940324,-0.9353032942557082
C225,Other,60.0,Tier 2,540963.0,Silver,21.0,759.0,2.0,28.0,9.0,No,-0.2092679310906275,-0.9819123708100934,0.6515704602876975
C226,Female,18.0,Tier 2,608520.0,Silver,23.0,1498.0,4.0,36.0,5.0,Yes,0.06334885263636579,0.5942774348440475,1.5583554628839293
C227,Other,52.0,Tier 1,515116.0,Platinum,18.0,2396.0,2.0,29.0,20.0,No,-0.3135698688467682,2.509593328588863,0.7649185856122265
C228,Male,54.0,Tier 2,431712.0,Platinum,6.0,1401.0,5.0,34.0,13.0,No,-0.6501349950360031,0.38738919242395053,1.3316592122348714
C229,Other,33.0,Tier 1,486369.0,Platinum,8.0,882.0,1.0,8.0,10.0,Yes,-0.4295743492381396,-0.7195695479474962,-1.6153920462028821
C230,Male,24.0,,537156.0,Gold,,785.0,1.0,22.0,7.0,Yes,-0.22463054481901484,-0.9264577903675932,-0.028518291659476364
C231,Female,53.0,Tier 2,,Platinum,6.0,720.0,5.0,24.0,14.0,Yes,,-1.0650942414738438,0.1981779589895816
C232,Other,58.0,Tier 3,785767.0,Platinum,25.0,1214.0,5.0,12.0,30.0,No,0.778604223142137,-0.01145721306633953,-1.1619995449047662
C233,Other,38.0,Tier 2,466032.0,Platinum,16.0,1285.0,4.0,,20.0,Yes,-0.5116414559873419,0.13997644891125724,
C234,Female,18.0,Tier 1,536520.0,Platinum,20.0,1111.0,1.0,15.0,17.0,No,-0.22719703347970682,-0.23114266635778272,-0.8219551689311793
C235,Male,54.0,Tier 1,623700.0,Silver,22.0,1503.0,1.0,9.0,23.0,No,0.12460561029250444,0.6049417772368361,-1.5020439208783531
C236,Female,25.0,Tier 1,486339.0,Platinum,13.0,969.0,3.0,8.0,27.0,Yes,-0.4296954100240213,-0.5340099903129762,-1.6153920462028821
C237,Male,45.0,Tier 2,516993.0,Platinum,6.0,279.0,2.0,19.0,14.0,Yes,-0.30599549901010337,-2.00568924051779,-0.3685626676330633
C238,Male,22.0,Tier 2,368177.0,Platinum,10.0,,3.0,33.0,30.0,No,-0.9065215627357903,,1.2183110869103424
C239,Male,32.0,Tier 2,747396.0,Platinum,8.0,,1.0,17.0,15.0,No,0.6237634426399172,,-0.5952589182821213
C240,Other,48.0,Tier 1,619186.0,Platinum,5.0,1324.0,1.0,9.0,19.0,No,0.10638999737683844,0.22315831957500756,-1.5020439208783531
C241,Male,19.0,Tier 3,919465.0,Platinum,23.0,1647.0,4.0,8.0,35.0,No,1.3181237215025075,0.9120748381491449,-1.6153920462028821
C242,Female,,Tier 3,534649.0,Platinum,12.0,817.0,1.0,14.0,27.0,Yes,-0.23474719115919532,-0.8582059990537467,-0.9353032942557082
C243,Other,42.0,Tier 3,357226.0,Silver,13.0,1281.0,2.0,28.0,10.0,Yes,-0.9507127849421391,0.13144497499702643,0.6515704602876975
C244,Female,27.0,Tier 3,459237.0,Platinum,8.0,631.0,4.0,30.0,19.0,Yes,-0.5390617239895462,-1.254919536065479,0.8782667109367555
C245,Male,26.0,Tier 3,472411.0,Platinum,,767.0,5.0,12.0,33.0,Yes,-0.48589989754936375,-0.9648494229816318,-1.1619995449047662
C246,Male,32.0,Tier 1,752456.0,Platinum,6.0,1552.0,5.0,21.0,29.0,Yes,0.6441823618586301,0.7094523326861634,-0.14186641698400534
C247,Other,42.0,Tier 2,549043.0,Platinum,5.0,1791.0,1.0,24.0,4.0,Yes,-0.17666222609315713,1.2192078990614539,0.1981779589895816
C248,Male,36.0,Tier 2,559284.0,Gold,20.0,855.0,1.0,31.0,10.0,No,-0.1353361091526752,-0.7771569968685541,0.9916148362612844
C249,Female,19.0,Tier 3,732774.0,Silver,9.0,1415.0,4.0,29.0,34.0,Yes,0.5647584156011781,0.4172493511237583,0.7649185856122265
C250,Female,53.0,Tier 1,425530.0,Silver,5.0,1123.0,4.0,35.0,,No,-0.6750815876466916,-0.2055482446150903,1.4450073375594004
C251,Male,47.0,Tier 2,1824876.0,Silver,18.0,646.0,2.0,27.0,15.0,Yes,4.9717826283669435,-1.2229265088871135,0.5382223349631685
C252,Male,59.0,Tier 1,661141.0,Gold,7.0,1963.0,5.0,25.0,13.0,No,0.2756935064323916,1.5860612773733784,0.31152608431411055
C253,Male,23.0,Tier 2,,Gold,19.0,1425.0,5.0,13.0,8.0,Yes,,0.43857803590933536,-1.0486514195802372
C254,Female,56.0,Tier 3,471922.0,Platinum,8.0,1005.0,4.0,26.0,20.0,Yes,-0.48787318835923543,-0.45722672508489903,0.42487420963863953
C255,Male,19.0,Tier 1,478912.0,Gold,21.0,854.0,3.0,16.0,22.0,Yes,-0.4596660252488,-0.7792898653471119,-0.7086070436066503
C256,Other,39.0,Tier 3,555822.0,Silver,25.0,,2.0,35.0,23.0,No,-0.14930652384342302,,1.4450073375594004
C257,Other,21.0,Tier 2,582454.0,Silver,,1179.0,3.0,33.0,26.0,Yes,-0.04183682885671127,-0.08610760981585906,1.2183110869103424
C258,Female,38.0,Tier 2,521326.0,Gold,20.0,836.0,2.0,7.0,34.0,No,-0.28851028616925695,-0.8176814979611504,-1.728740171527411
C259,Female,51.0,Tier 2,480787.0,Platinum,5.0,1502.0,1.0,34.0,7.0,Yes,-0.452099726131194,0.6028089087582783,1.3316592122348714
C260,Male,51.0,Tier 3,610110.0,Silver,12.0,808.0,3.0,7.0,34.0,No,0.06976507428809574,-0.8774018153607661,-1.728740171527411
C261,Other,38.0,Tier 3,561919.0,Gold,,1500.0,1.0,20.0,30.0,No,-0.12470293679273281,0.5985431718011629,-0.2552145423085343
C262,Female,30.0,Tier 3,349671.0,Gold,18.0,1417.0,4.0,11.0,18.0,No,-0.9811999261866797,0.42151508808087373,-1.2753476702292952
C263,Male,60.0,Tier 2,470485.0,Gold,13.0,1428.0,1.0,10.0,6.0,No,-0.4936720000029687,0.4449766413450085,-1.3886957955538242
C264,Female,55.0,Tier 3,458408.0,Silver,22.0,478.0,3.0,28.0,33.0,No,-0.5424070370394105,-1.5812484132848073,0.6515704602876975
C265,Female,53.0,Tier 2,,Silver,16.0,,2.0,35.0,2.0,Yes,,,1.4450073375594004
C266,Female,52.0,Tier 3,581166.0,Gold,25.0,838.0,3.0,26.0,27.0,No,-0.047034371930565456,-0.813415761004035,0.42487420963863953
C267,Male,41.0,,626631.0,Silver,11.0,535.0,4.0,13.0,32.0,No,0.13643324907314622,-1.4596749100070183,-1.0486514195802372
C268,Female,44.0,Tier 3,1986784.0,Silver,17.0,715.0,4.0,29.0,29.0,No,5.625139619051404,-1.0757585838666321,0.7649185856122265
C269,Other,45.0,Tier 2,471779.0,Silver,11.0,1218.0,5.0,25.0,25.0,No,-0.48845024477193816,-0.002925739152108726,0.31152608431411055
C270,Other,23.0,Tier 3,446750.0,Gold,23.0,1046.0,1.0,25.0,5.0,Yes,-0.5894512584330379,-0.36977911746403325,0.31152608431411055
C271,Female,47.0,Tier 2,670755.0,Gold,23.0,969.0,1.0,,20.0,Yes,0.31448945294794606,-0.5340099903129762,
C272,Female,49.0,Tier 3,650283.0,Platinum,4.0,748.0,2.0,12.0,17.0,Yes,0.23187757266227607,-1.005373924074228,-1.1619995449047662
C273,Female,23.0,Tier 3,613576.0,Gold,18.0,1776.0,,33.0,12.0,No,0.08375163041696111,1.1872148718830884,1.2183110869103424
C274,Female,48.0,Tier 3,253402.0,Gold,4.0,881.0,3.0,8.0,24.0,No,-1.3696799527215158,-0.7217024164260539,-1.6153920462028821
C275,Other,59.0,Tier 2,619248.0,Platinum,11.0,1118.0,3.0,17.0,2.0,Yes,0.10664018966766062,-0.21621258700787882,-0.5952589182821213
C276,Female,24.0,Tier 3,594537.0,,5.0,958.0,5.0,10.0,10.0,Yes,0.0069224203369068595,-0.5574715435771109,-1.3886957955538242
C277,Male,29.0,Tier 2,560390.0,Gold,25.0,1137.0,1.0,19.0,5.0,No,-0.13087300151316997,-0.17568808591528248,-0.3685626676330633
C278,Male,46.0,Tier 1,690133.0,Silver,23.0,1301.0,,30.0,,No,0.39268664990846347,0.17410234456818044,0.8782667109367555
C279,Male,59.0,Tier 1,590512.0,Gold,19.0,1035.0,1.0,32.0,24.0,No,-0.009319901768887478,-0.393240670728168,1.1049629615858134
C280,Female,21.0,Tier 3,491487.0,Silver,13.0,,4.0,19.0,24.0,No,-0.40892137916672205,,-0.3685626676330633
C281,Other,30.0,,597334.0,Gold,13.0,1031.0,,32.0,27.0,No,0.018209320940610403,-0.4017721446423988,1.1049629615858134
C282,Other,52.0,Tier 3,584772.0,Gold,,2030.0,2.0,33.0,31.0,Yes,-0.03248286546758549,1.7289634654367443,1.2183110869103424
C283,Male,25.0,Tier 3,654534.0,Platinum,25.0,1069.0,2.0,,19.0,No,0.24903188602171253,-0.3207231424572062,
C284,Male,41.0,Tier 2,694145.0,Platinum,4.0,,1.0,16.0,32.0,Yes,0.40887651234037575,,-0.7086070436066503
C285,Male,58.0,Tier 2,305425.0,Silver,23.0,796.0,3.0,13.0,35.0,No,-1.159748443924065,-0.9029962371034584,-1.0486514195802372
C286,Other,50.0,Tier 3,325504.0,Silver,19.0,1059.0,1.0,20.0,31.0,Yes,-1.0787224599334455,-0.34205182724278316,-0.2552145423085343
C287,Other,29.0,Tier 1,552210.0,Platinum,17.0,1870.0,1.0,30.0,14.0,Yes,-0.16388224246357933,1.3877045088675122,0.8782667109367555
C288,Male,48.0,Tier 1,589231.0,Gold,18.0,1112.0,2.0,,10.0,No,-0.014489197326035937,-0.229009797879225,
C289,Female,44.0,Tier 2,649528.0,Platinum,22.0,315.0,5.0,25.0,31.0,No,0.22883087621758672,-1.9289059752897126,0.31152608431411055
C290,Other,33.0,Tier 2,578273.0,Silver,17.0,1508.0,,22.0,8.0,Yes,-0.05870866704909043,0.6156061196296245,-0.028518291659476364
C291,Male,53.0,Tier 3,372569.0,Gold,4.0,1657.0,5.0,21.0,10.0,No,-0.8887982636827099,0.933403522934722,-0.14186641698400534
C292,Male,41.0,Tier 3,,Platinum,17.0,1033.0,5.0,9.0,23.0,Yes,,-0.3975064076852834,-1.5020439208783531
C293,Other,41.0,Tier 1,,Gold,6.0,2108.0,3.0,22.0,15.0,Yes,,1.895327206764245,-0.028518291659476364
C294,Female,40.0,Tier 3,,Gold,7.0,1299.0,3.0,28.0,6.0,No,,0.16983660761106503,0.6515704602876975
C295,Male,23.0,Tier 1,494876.0,Gold,8.0,860.0,3.0,36.0,24.0,Yes,-0.3952455457216197,-0.7664926544757656,1.5583554628839293
C296,Female,30.0,Tier 1,649640.0,Platinum,14.0,857.0,5.0,11.0,21.0,No,0.22928283648487838,-0.7728912599114387,-1.2753476702292952
C297,Male,48.0,Tier 2,558587.0,Gold,9.0,1008.0,2.0,17.0,30.0,Yes,-0.13814875474465996,-0.4508281196492259,-0.5952589182821213
C298,Male,53.0,Tier 3,607477.0,Platinum,7.0,1333.0,2.0,,34.0,No,0.05913997264721213,0.24235413588202687,
C299,Female,36.0,Tier 3,674504.0,Gold,19.0,995.0,,14.0,7.0,Yes,0.32961801582362876,-0.478555409870476,-0.9353032942557082
C300,Other,51.0,Tier 2,517615.0,Platinum,20.0,808.0,5.0,18.0,29.0,No,-0.3034855053828228,-0.8774018153607661,-0.48191079295759226
C301,Male,36.0,Tier 2,496684.0,Platinum,17.0,1350.0,4.0,33.0,7.0,No,-0.38794961569248276,0.27861290001750777,1.2183110869103424
C302,Female,51.0,Tier 1,640838.0,Silver,17.0,831.0,2.0,16.0,4.0,No,0.1937636019071885,-0.828345840353939,-0.7086070436066503
C303,Other,37.0,Tier 3,,Gold,24.0,1742.0,4.0,27.0,9.0,No,,1.1146973436121266,0.5382223349631685
C304,Male,56.0,Tier 3,599612.0,Platinum,7.0,,3.0,17.0,10.0,Yes,0.02740186994856059,,-0.5952589182821213
C305,Female,41.0,,457145.0,Silver,9.0,702.0,3.0,28.0,19.0,No,-0.5475036961250299,-1.1034858740878823,0.6515704602876975
C306,Male,52.0,,336553.0,Gold,9.0,1798.0,2.0,29.0,35.0,Yes,-1.0341357724932165,1.2341379784113578,0.7649185856122265
C307,Female,47.0,Tier 1,628523.0,Gold,18.0,1177.0,3.0,30.0,16.0,Yes,0.1440681493027519,-0.09037334677297446,0.8782667109367555
C308,Other,32.0,Tier 1,583596.0,Silver,,749.0,5.0,36.0,6.0,Yes,-0.03722844827414801,-1.0032410555956703,1.5583554628839293
C309,Male,25.0,Tier 1,843490.0,Silver,12.0,1251.0,5.0,23.0,8.0,Yes,1.01153728125711,0.0674589206402954,0.08482983366505262
C310,Other,31.0,Tier 2,,Platinum,20.0,1490.0,2.0,12.0,26.0,Yes,,0.5772144870155859,-1.1619995449047662
C311,Female,25.0,Tier 2,607721.0,Gold,5.0,1289.0,4.0,33.0,28.0,No,0.06012460037238327,0.14850792282548803,1.2183110869103424
C312,Male,22.0,Tier 2,,Platinum,18.0,1388.0,4.0,10.0,12.0,Yes,,0.35966190220270045,-1.3886957955538242
C313,Female,30.0,Tier 2,775842.0,Gold,22.0,1738.0,4.0,19.0,34.0,No,0.7385532798129422,1.1061658696978958,-0.3685626676330633
C314,Male,25.0,Tier 2,,Platinum,,995.0,3.0,10.0,35.0,No,,-0.478555409870476,-1.3886957955538242
C315,Male,36.0,Tier 2,431247.0,Platinum,5.0,1149.0,4.0,,13.0,No,-0.6520114372171695,-0.1500936641725901,
C316,Other,28.0,Tier 1,556686.0,Platinum,25.0,1637.0,2.0,22.0,26.0,No,-0.14581997321003015,0.8907461533635679,-0.028518291659476364
C317,Female,38.0,,346904.0,Platinum,24.0,1811.0,3.0,14.0,21.0,Yes,-0.9923657660045017,1.261865268632608,-0.9353032942557082
C318,Female,25.0,Tier 1,531039.0,Gold,,,3.0,25.0,33.0,Yes,-0.24931483906029284,,0.31152608431411055
C319,Female,49.0,Tier 3,428547.0,Gold,6.0,538.0,1.0,32.0,7.0,Yes,-0.6629069079465222,-1.4532763045713453,1.1049629615858134
C320,Other,39.0,Tier 3,648780.0,Silver,13.0,1229.0,4.0,28.0,13.0,Yes,0.22581242728960307,0.02053581411202598,0.6515704602876975
C321,Other,49.0,Tier 3,395204.0,Platinum,22.0,681.0,4.0,28.0,29.0,Yes,-0.7974579007349696,-1.1482761121375942,0.6515704602876975
C322,Other,31.0,Tier 2,509705.0,Platinum,8.0,1867.0,4.0,20.0,4.0,No,-0.33540519926029694,1.3813059034318391,-0.2552145423085343
C323,Male,19.0,Tier 2,518849.0,Platinum,31.0,,4.0,35.0,10.0,Yes,-0.2985058717235557,,1.4450073375594004
C324,Other,60.0,Tier 3,520510.0,Silver,22.0,1090.0,4.0,13.0,30.0,Yes,-0.29180313954523907,-0.27593290440749446,-1.0486514195802372
C325,Female,52.0,Tier 1,226373.0,Gold,15.0,1178.0,,32.0,17.0,No,-1.4787516854413953,-0.08824047829441677,1.1049629615858134
C326,Female,58.0,Tier 2,522287.0,Silver,16.0,1478.0,2.0,12.0,22.0,No,-0.2846323056615132,0.5516200652728935,-1.1619995449047662
C327,Male,35.0,Tier 2,771874.0,Platinum,7.0,1650.0,3.0,24.0,31.0,Yes,0.7225409732003231,0.9184734435848181,0.1981779589895816
C328,Other,59.0,Tier 2,517733.0,Platinum,7.0,757.0,2.0,32.0,30.0,Yes,-0.3030093329583548,-0.9861781077672088,1.1049629615858134
C329,Female,29.0,Tier 2,858803.0,Silver,22.0,1223.0,5.0,21.0,12.0,No,1.0733307417306575,0.007738603240679778,-0.14186641698400534
C330,Other,34.0,Tier 2,,Platinum,18.0,1190.0,2.0,32.0,33.0,No,,-0.06264605655172435,1.1049629615858134
C331,Male,56.0,Tier 2,573770.0,,11.0,1142.0,4.0,34.0,27.0,No,-0.07687989100993314,-0.165023743522494,1.3316592122348714
C332,Other,45.0,Tier 2,,Silver,23.0,981.0,,19.0,27.0,Yes,,-0.5084155685702838,-0.3685626676330633
C333,Other,20.0,Tier 2,546069.0,Gold,20.0,982.0,2.0,15.0,29.0,No,-0.1886633853335627,-0.5062827000917262,-0.8219551689311793
C334,Other,34.0,Tier 2,464458.0,Silver,24.0,1242.0,2.0,12.0,29.0,No,-0.5179931118866016,0.048263104333276095,-1.1619995449047662
C335,Male,46.0,Tier 3,519402.0,Platinum,6.0,1801.0,5.0,28.0,2.0,Yes,-0.2962743179038031,1.2405365838470308,0.6515704602876975
C336,Female,22.0,Tier 2,,Platinum,15.0,1636.0,,29.0,31.0,No,,0.8886132848850102,0.7649185856122265
C337,Other,,Tier 1,699530.0,Platinum,22.0,370.0,3.0,9.0,26.0,No,0.4306069234061404,-1.811598208969039,-1.5020439208783531
C338,Male,33.0,Tier 2,508877.0,Gold,24.0,1051.0,3.0,18.0,25.0,No,-0.33874647695063176,-0.3591147750712448,-0.48191079295759226
C339,Female,42.0,Tier 3,381098.0,Gold,17.0,888.0,2.0,36.0,35.0,No,-0.8543806822565435,-0.7067723370761501,1.5583554628839293
C340,Female,23.0,Tier 2,416730.0,Gold,13.0,1900.0,5.0,10.0,18.0,Yes,-0.7105927515053226,1.4516905632242432,-1.3886957955538242
C341,Other,19.0,Tier 3,662281.0,Silver,13.0,1708.0,4.0,36.0,13.0,Yes,0.28029381629589606,1.0421798153411648,1.5583554628839293
C342,Other,56.0,Tier 3,,,18.0,748.0,5.0,33.0,25.0,No,,-1.005373924074228,1.2183110869103424
C343,Female,23.0,Tier 1,487057.0,Silver,24.0,1395.0,5.0,21.0,,Yes,-0.42679802188191934,0.3745919815526043,-0.14186641698400534
C344,Male,46.0,,403344.0,Gold,5.0,1485.0,4.0,30.0,20.0,No,-0.7646100741657358,0.5665501446227974,0.8782667109367555
C345,Female,50.0,Tier 3,521160.0,Silver,17.0,1050.0,4.0,26.0,24.0,No,-0.28918015585113566,-0.3612476435498025,0.42487420963863953
C346,Male,28.0,Tier 1,635315.0,Platinum,23.0,1377.0,3.0,20.0,25.0,Yes,0.17147631122636808,0.3362003489385657,-0.2552145423085343
C347,Other,31.0,Tier 3,506684.0,Silver,17.0,1663.0,,18.0,12.0,Yes,-0.3475960203985838,0.9462007338060682,-0.48191079295759226
C348,Male,39.0,Tier 3,420272.0,Gold,21.0,1446.0,5.0,8.0,30.0,Yes,-0.6962995080522236,0.4833682739590471,-1.6153920462028821
C349,Male,57.0,Tier 1,621172.0,Platinum,15.0,1076.0,5.0,11.0,23.0,Yes,0.11440422140220678,-0.30579306310730225,-1.2753476702292952
C350,Male,46.0,Tier 1,589135.0,Platinum,17.0,699.0,5.0,32.0,28.0,No,-0.014876591840857366,-1.1098844795235554,1.1049629615858134
C351,Male,46.0,Tier 1,,Gold,9.0,,2.0,27.0,35.0,No,,,0.5382223349631685
C352,Female,53.0,Tier 3,,Gold,8.0,1619.0,5.0,21.0,27.0,No,,0.8523545207495293,-0.14186641698400534
C353,Male,20.0,Tier 2,465478.0,Platinum,21.0,636.0,,25.0,21.0,Yes,-0.5138770451666239,-1.2442551936726907,0.31152608431411055
C354,Other,21.0,Tier 2,,Platinum,22.0,1442.0,5.0,27.0,16.0,No,,0.47483680004481627,0.5382223349631685
C355,Other,54.0,Tier 3,396348.0,Platinum,15.0,1901.0,4.0,35.0,15.0,No,-0.7928414494333476,1.453823431702801,1.4450073375594004
C356,Other,51.0,Tier 3,300168.0,Gold,19.0,1878.0,5.0,11.0,34.0,Yes,-1.180962328970068,1.4047674566959738,-1.2753476702292952
C357,Other,31.0,Tier 1,575322.0,Silver,7.0,1161.0,1.0,16.0,3.0,Yes,-0.07061701302032002,-0.12449924242989767,-0.7086070436066503
C358,Other,44.0,Tier 2,484609.0,,6.0,1359.0,5.0,19.0,10.0,No,-0.4366765820098658,0.2978087163245271,-0.3685626676330633
C359,Female,60.0,Tier 3,545483.0,Gold,14.0,1641.0,3.0,,21.0,Yes,-0.19102810601778517,0.8992776272777987,
C360,Other,53.0,Tier 3,563707.0,Platinum,4.0,1260.0,1.0,33.0,30.0,No,-0.11748771395418368,0.08665473694731471,1.2183110869103424
C361,Female,55.0,Tier 1,,Platinum,7.0,1177.0,2.0,16.0,12.0,No,,-0.09037334677297446,-0.7086070436066503
C362,Male,19.0,Tier 2,586936.0,Gold,,515.0,2.0,19.0,19.0,No,-0.02375034744598575,-1.5023322795781724,-0.3685626676330633
C363,Other,44.0,Tier 1,388217.0,Gold,7.0,1497.0,3.0,34.0,15.0,Yes,-0.8256529577668168,0.5921445663654898,1.3316592122348714
C364,Female,52.0,Tier 1,570503.0,Gold,23.0,,4.0,28.0,24.0,Yes,-0.09006341059244993,,0.6515704602876975
C365,Other,50.0,Tier 1,552212.0,Gold,21.0,1339.0,5.0,28.0,18.0,No,-0.16387417174452054,0.2551513467533731,0.6515704602876975
C366,Female,33.0,Tier 2,485228.0,Silver,4.0,,2.0,29.0,27.0,Yes,-0.43417869446117346,,0.7649185856122265
C367,Other,19.0,Tier 3,456603.0,Gold,9.0,548.0,1.0,,3.0,No,-0.5496908609899592,-1.4319476197857683,
C368,Male,23.0,Tier 3,616223.0,Gold,19.0,2002.0,2.0,10.0,34.0,Yes,0.09443322709125618,1.6692431480371288,-1.3886957955538242
C369,Other,54.0,Tier 3,636110.0,Silver,11.0,1012.0,1.0,24.0,,No,0.17468442205223306,-0.4422966457349951,0.1981779589895816
C370,Other,59.0,Tier 2,613232.0,Platinum,20.0,1848.0,3.0,,14.0,Yes,0.08236346673885099,1.3407814023392428,
C371,Other,32.0,Tier 2,738459.0,Gold,,,3.0,22.0,23.0,No,0.5876994345257597,,-0.028518291659476364
C372,Other,33.0,Tier 3,611235.0,Platinum,5.0,1136.0,,8.0,29.0,Yes,0.07430485375865936,-0.17782095439384019,-1.6153920462028821
C373,Other,21.0,Tier 2,646791.0,Platinum,18.0,1353.0,5.0,28.0,31.0,Yes,0.21778609718564657,0.2850115054531809,0.6515704602876975
C374,Male,,Tier 3,265633.0,Platinum,15.0,1060.0,2.0,11.0,29.0,No,-1.320323470317548,-0.33991895876422545,-1.2753476702292952
C375,Female,55.0,Tier 1,573827.0,Gold,25.0,626.0,5.0,13.0,14.0,No,-0.07664987551675792,-1.2655838784582676,-1.0486514195802372
C376,Male,60.0,Tier 3,619722.0,Platinum,13.0,590.0,1.0,27.0,16.0,Yes,0.10855295008459143,-1.342367143686345,0.5382223349631685
C377,Male,48.0,Tier 2,454187.0,Silver,4.0,1736.0,5.0,7.0,20.0,No,-0.5594402896129652,1.1019001327407802,-1.728740171527411
C378,Other,29.0,Tier 3,443946.0,Gold,40.0,1429.0,3.0,14.0,25.0,No,-0.6007664065534472,0.4471095098235662,-0.9353032942557082
C379,Other,22.0,Tier 1,339571.0,Gold,24.0,2032.0,2.0,11.0,5.0,No,-1.0219570574335177,1.7332292023938598,-1.2753476702292952
C380,Male,50.0,Tier 2,513453.0,Platinum,16.0,1238.0,4.0,29.0,32.0,No,-0.3202806717441436,0.03973163041904529,0.7649185856122265
C381,Female,35.0,Tier 3,,Silver,11.0,1443.0,5.0,15.0,10.0,No,,0.47696966852337397,-0.8219551689311793
C382,Female,51.0,,367698.0,Gold,19.0,1197.0,2.0,35.0,34.0,Yes,-0.9084544999503681,-0.04771597720182044,1.4450073375594004
C383,Female,32.0,Tier 1,470947.0,Platinum,25.0,524.0,2.0,30.0,,No,-0.49180766390039055,-1.483136463271153,0.8782667109367555
C384,Female,40.0,Tier 2,668454.0,Silver,8.0,1059.0,2.0,32.0,31.0,No,0.3052040906708199,-0.34205182724278316,1.1049629615858134
C385,Female,23.0,Tier 1,579102.0,Gold,15.0,1271.0,1.0,18.0,28.0,No,-0.055363353999226206,0.11011629021144942,-0.48191079295759226
C386,Other,52.0,,509817.0,Silver,22.0,1990.0,4.0,,26.0,Yes,-0.3349532389930053,1.6436487262944364,
C387,Female,54.0,Tier 3,544328.0,Platinum,23.0,,4.0,28.0,31.0,Yes,-0.1956889462742305,,0.6515704602876975
C388,Male,38.0,Tier 2,501954.0,Gold,10.0,1399.0,4.0,16.0,34.0,No,-0.366683270972598,0.38312345546683513,-0.7086070436066503
C389,Female,,Tier 1,613911.0,Silver,19.0,764.0,3.0,18.0,21.0,Yes,0.08510347585930673,-0.971248028417305,-0.48191079295759226
C390,Female,33.0,Tier 3,661537.0,Silver,5.0,494.0,5.0,29.0,15.0,No,0.27729150880603,-1.5471225176278842,0.7649185856122265
C391,Other,25.0,Tier 1,687296.0,Gold,,672.0,4.0,34.0,,Yes,0.38123833492358433,-1.1674719284446133,1.3316592122348714
C392,Other,26.0,Tier 3,522850.0,Platinum,8.0,1625.0,1.0,10.0,27.0,Yes,-0.2823603982464667,0.8651517316208756,-1.3886957955538242
C393,Other,35.0,Tier 2,564352.0,Platinum,24.0,1526.0,1.0,8.0,5.0,Yes,-0.11488490705772719,0.6539977522436632,-1.6153920462028821
C394,Male,41.0,Tier 1,624239.0,Gold,6.0,1714.0,2.0,23.0,22.0,Yes,0.12678066907884558,1.0549770262125109,0.08482983366505262
C395,Other,31.0,Tier 2,677465.0,Gold,40.0,1018.0,1.0,26.0,6.0,No,0.34156671539015226,-0.4294994348636489,0.42487420963863953
C396,Female,56.0,Tier 1,625952.0,Platinum,23.0,589.0,2.0,35.0,32.0,Yes,0.13369323995269047,-1.3445000121649027,1.4450073375594004
C397,Other,55.0,Tier 3,543051.0,Silver,7.0,1527.0,5.0,22.0,11.0,Yes,-0.2008421003932614,0.6561306207222208,-0.028518291659476364
C398,Male,56.0,Tier 2,566061.0,Platinum,17.0,,3.0,8.0,17.0,Yes,-0.10798847762199985,,-1.6153920462028821
C399,Other,42.0,Tier 1,1957345.0,Silver,8.0,1651.0,5.0,14.0,29.0,No,5.5063426698656945,0.9206063120633757,-0.9353032942557082
C400,Male,30.0,Tier 1,540350.0,Platinum,19.0,1013.0,2.0,26.0,11.0,No,-0.21174160648214352,-0.4401637772564374,0.42487420963863953
C401,Male,42.0,Tier 1,656382.0,Silver,16.0,637.0,5.0,29.0,11.0,Yes,0.25648923043202504,-1.242122325194133,0.7649185856122265
C402,Male,50.0,Tier 2,610124.0,Platinum,24.0,783.0,1.0,13.0,18.0,No,0.0698215693215072,-0.9307235273247086,-1.0486514195802372
C403,Other,49.0,Tier 2,703351.0,Platinum,15.0,1095.0,2.0,28.0,17.0,Yes,0.4460260321679392,-0.26526856201470594,0.6515704602876975
C404,Male,25.0,Tier 3,566198.0,Silver,17.0,1365.0,5.0,19.0,28.0,Yes,-0.10743563336647344,0.3106059271958733,-0.3685626676330633
C405,Male,58.0,Tier 2,318437.0,Platinum,9.0,,4.0,30.0,13.0,Yes,-1.1072403457276438,,0.8782667109367555
C406,Male,49.0,Tier 1,673821.0,Silver,10.0,605.0,5.0,9.0,26.0,Yes,0.3268618652650555,-1.3103741165079794,-1.5020439208783531
C407,Female,19.0,Tier 2,,Gold,39.0,1555.0,1.0,31.0,33.0,No,,0.7158509381218364,0.9916148362612844
C408,Other,45.0,Tier 3,559874.0,Gold,5.0,1626.0,1.0,30.0,,Yes,-0.13295524703033515,0.8672846000994332,0.8782667109367555
C409,Other,35.0,Tier 1,487925.0,Gold,4.0,1763.0,1.0,32.0,30.0,No,-0.4232953298104089,1.1594875816618382,1.1049629615858134
C410,Female,57.0,Tier 2,825867.0,Platinum,16.0,1054.0,5.0,29.0,10.0,Yes,0.9404221402706718,-0.3527161696355717,0.7649185856122265
C411,Female,53.0,Tier 2,496539.0,Platinum,9.0,1781.0,4.0,36.0,26.0,Yes,-0.38853474282424433,1.197879214275877,1.5583554628839293
C412,Other,34.0,Tier 3,739548.0,Platinum,14.0,990.0,,36.0,26.0,No,0.5920939410532653,-0.48921975226326453,1.5583554628839293
C413,Male,32.0,Tier 2,499577.0,Silver,15.0,1087.0,1.0,13.0,29.0,No,-0.3762753205739578,-0.2823315098431675,-1.0486514195802372
C414,Other,26.0,Tier 3,,Gold,13.0,832.0,5.0,34.0,4.0,No,,-0.8262129718753812,1.3316592122348714
C415,Other,25.0,Tier 3,429503.0,Gold,14.0,892.0,2.0,34.0,33.0,No,-0.6590491042364255,-0.6982408631619192,1.3316592122348714
C416,Other,28.0,Tier 3,545837.0,Gold,20.0,1293.0,5.0,31.0,5.0,No,-0.18959958874438115,0.15703939673971884,0.9916148362612844
C417,Female,59.0,Tier 1,736060.0,Silver,,800.0,2.0,28.0,5.0,No,0.5780186070147533,-0.8944647631892276,0.6515704602876975
C418,Male,21.0,Tier 3,668118.0,Platinum,7.0,1114.0,2.0,29.0,7.0,No,0.3038482098689449,-0.2247440609221096,0.7649185856122265
C419,Female,58.0,,544064.0,Platinum,4.0,1469.0,1.0,22.0,29.0,Yes,-0.19675428118998944,0.5324242489658741,-0.028518291659476364
C420,Male,38.0,Tier 3,,Platinum,20.0,1352.0,1.0,28.0,13.0,Yes,,0.2828786369746232,0.6515704602876975
C421,Male,53.0,Tier 2,569974.0,Silver,5.0,1396.0,5.0,,21.0,No,-0.0921981157834972,0.376724850031162,
C422,Other,52.0,Tier 3,584700.0,Gold,7.0,,2.0,11.0,15.0,No,-0.03277341135370156,,-1.2753476702292952
C423,Male,57.0,Tier 3,473471.0,Gold,25.0,987.0,1.0,27.0,14.0,Yes,-0.48162241644821047,-0.49561835769893764,0.5382223349631685
C424,Female,27.0,Tier 2,475223.0,Gold,21.0,977.0,3.0,32.0,2.0,Yes,-0.4745524665527194,-0.5169470424845146,1.1049629615858134
C425,Female,24.0,Tier 1,473513.0,Gold,22.0,1675.0,1.0,19.0,27.0,Yes,-0.48145293134797607,0.9717951555487606,-0.3685626676330633
C426,Female,18.0,Tier 3,720460.0,Platinum,24.0,971.0,5.0,21.0,31.0,No,0.5150669983562709,-0.5297442533558608,-0.14186641698400534
C427,Female,51.0,Tier 1,450117.0,Gold,,1388.0,2.0,16.0,33.0,Yes,-0.5758642028975821,0.35966190220270045,-0.7086070436066503
C428,Female,50.0,Tier 1,483733.0,Platinum,23.0,,4.0,14.0,35.0,Yes,-0.4402115569576113,,-0.9353032942557082
C429,Other,46.0,Tier 3,574350.0,Silver,20.0,593.0,2.0,36.0,9.0,No,-0.074539382482887,-1.3359685382506719,1.5583554628839293
C430,Female,34.0,Tier 3,735700.0,Platinum,18.0,,1.0,18.0,24.0,Yes,0.576565877584173,,-0.48191079295759226
C431,Female,,Tier 2,476465.0,Silver,4.0,1044.0,4.0,35.0,19.0,No,-0.4695405500172171,-0.37404485442114865,1.4450073375594004
C432,Other,46.0,Tier 2,2057173.0,Platinum,5.0,1333.0,1.0,22.0,19.0,No,5.9091845409656285,0.24235413588202687,-0.028518291659476364
C433,Other,49.0,Tier 3,629025.0,Gold,16.0,2004.0,2.0,31.0,5.0,No,0.14609389978650564,1.673508884994244,0.9916148362612844
C434,Female,56.0,Tier 2,528766.0,Gold,20.0,880.0,3.0,33.0,32.0,Yes,-0.2584872112705961,-0.7238352849046116,1.2183110869103424
C435,Other,50.0,Tier 1,384481.0,Silver,12.0,907.0,5.0,19.0,21.0,Yes,-0.8407290609686174,-0.6662478359835536,-0.3685626676330633
C436,Male,39.0,Tier 1,546024.0,Gold,17.0,1917.0,,13.0,19.0,Yes,-0.18884497651238524,1.4879493273597242,-1.0486514195802372
C437,Female,29.0,Tier 2,487886.0,Silver,8.0,1289.0,5.0,27.0,26.0,Yes,-0.4234527088320551,0.14850792282548803,0.5382223349631685
C438,Male,58.0,,548029.0,Silver,,1675.0,4.0,30.0,10.0,No,-0.1807540806559585,0.9717951555487606,0.8782667109367555
C439,Other,40.0,Tier 2,853231.0,Gold,20.0,987.0,2.0,8.0,14.0,No,1.050845718432897,-0.49561835769893764,-1.6153920462028821
C440,Female,52.0,Tier 1,491267.0,Gold,,1617.0,1.0,21.0,35.0,Yes,-0.40980915826318787,0.8480887837924139,-0.14186641698400534
C441,Female,35.0,Tier 1,631826.0,Platinum,8.0,1938.0,2.0,,24.0,No,0.15739694182832675,1.5327395654094358,
C442,Female,23.0,Tier 3,620071.0,Gold,4.0,1056.0,2.0,39.0,26.0,No,0.1099612905603485,-0.34845043267845627,1.8983998388575163
C443,Other,58.0,Tier 1,620878.0,Platinum,16.0,1643.0,3.0,22.0,13.0,Yes,0.11321782570056614,0.9035433642349141,-0.028518291659476364
C444,Male,54.0,Tier 3,648457.0,Silver,,1402.0,4.0,30.0,2.0,No,0.22450900616161013,0.38952206090250824,0.8782667109367555
C445,Female,19.0,Tier 1,,Silver,24.0,,1.0,34.0,14.0,No,,,1.3316592122348714
C446,Male,37.0,Tier 1,715859.0,Platinum,7.0,1459.0,4.0,7.0,26.0,No,0.49650030916154797,0.5110955641802972,-1.728740171527411
C447,Male,42.0,Tier 3,529945.0,Silver,13.0,1258.0,1.0,12.0,23.0,No,-0.2537295223854454,0.0823889999901993,-1.1619995449047662
C448,Male,60.0,Tier 3,694781.0,Gold,6.0,873.0,2.0,30.0,32.0,Yes,0.41144300100106773,-0.7387653642545156,0.8782667109367555
C449,Other,45.0,Tier 2,594240.0,Gold,19.0,1042.0,3.0,36.0,28.0,No,0.00572391855667806,-0.37831059137826406,1.5583554628839293
C450,Other,52.0,Tier 2,553449.0,Platinum,6.0,81.0,1.0,11.0,5.0,No,-0.15888243200666524,-2.4279971992722147,-1.2753476702292952
C451,Male,36.0,Tier 3,703414.0,Silver,8.0,1527.0,,,12.0,No,0.4462802598182907,0.6561306207222208,
C452,Male,23.0,Tier 1,371272.0,Silver,20.0,1209.0,3.0,7.0,11.0,Yes,-0.8940321249923285,-0.022121555459128035,-1.728740171527411
C453,Other,29.0,Tier 1,560794.0,Gold,22.0,1501.0,2.0,19.0,10.0,No,-0.12924271626329645,0.6006760402797207,-0.3685626676330633
C454,Other,21.0,Tier 1,387970.0,Silver,14.0,1798.0,1.0,13.0,8.0,No,-0.8266496915705761,1.2341379784113578,-1.0486514195802372
C455,Male,33.0,Tier 3,,Gold,5.0,1306.0,1.0,,7.0,Yes,,0.18476668696096896,
C456,Female,36.0,Tier 3,501834.0,Silver,17.0,1415.0,,22.0,4.0,Yes,-0.3671675141161248,0.4172493511237583,-0.028518291659476364
C457,Other,47.0,Tier 3,555754.0,Platinum,9.0,1683.0,5.0,17.0,10.0,No,-0.14958092829142153,0.9888581033772221,-0.5952589182821213
C458,Other,45.0,Tier 3,377020.0,Platinum,22.0,1270.0,2.0,34.0,7.0,No,-0.8708368784173954,0.10798342173289172,1.3316592122348714
C459,Female,28.0,Tier 1,599021.0,Silver,12.0,1125.0,4.0,10.0,33.0,No,0.02501697246669116,-0.2012825076579749,-1.3886957955538242
C460,Female,44.0,Tier 3,501440.0,Gold,20.0,1054.0,1.0,30.0,2.0,Yes,-0.3687574457707044,-0.3527161696355717,0.8782667109367555
C461,Female,42.0,Tier 2,570956.0,Platinum,24.0,476.0,2.0,36.0,29.0,No,-0.08823539272563631,-1.5855141502419228,1.5583554628839293
C462,Male,38.0,Tier 3,665801.0,Gold,19.0,1007.0,5.0,32.0,29.0,Yes,0.2944982818393485,-0.4529609881277836,1.1049629615858134
C463,Male,31.0,Tier 3,565336.0,Silver,13.0,1346.0,2.0,,29.0,No,-0.11091411328080754,0.27008142610327696,
C464,Male,30.0,Tier 2,486903.0,Platinum,22.0,171.0,5.0,25.0,22.0,No,-0.42741946724944535,-2.2360390362020217,0.31152608431411055
C465,Male,27.0,Tier 1,737862.0,Platinum,4.0,1173.0,4.0,8.0,14.0,Yes,0.585290324886714,-0.09890482068720527,-1.6153920462028821
C466,Other,42.0,Tier 1,483376.0,Silver,13.0,1952.0,4.0,20.0,29.0,No,-0.4416521803096035,1.5625997241092437,-0.2552145423085343
C467,Male,29.0,Tier 2,376238.0,Gold,25.0,320.0,1.0,10.0,3.0,No,-0.8739925295693783,-1.918241632896924,-1.3886957955538242
C468,Male,49.0,Tier 3,602801.0,Platinum,17.0,999.0,1.0,10.0,31.0,No,0.04027063148778497,-0.4700239359562452,-1.3886957955538242
C469,Male,41.0,Tier 3,427452.0,Gold,,1483.0,5.0,17.0,29.0,No,-0.6673256266312042,0.562284407665682,-0.5952589182821213
C470,Male,57.0,Tier 1,579256.0,Platinum,16.0,974.0,1.0,10.0,27.0,No,-0.05474190863170016,-0.5233456479201878,-1.3886957955538242
C471,Other,28.0,Tier 1,,Platinum,21.0,1548.0,2.0,31.0,17.0,Yes,,0.7009208587719326,0.9916148362612844
C472,Female,30.0,Tier 1,628024.0,Gold,8.0,1160.0,1.0,10.0,20.0,Yes,0.14205450489758636,-0.1266321109084554,-1.3886957955538242
C473,Male,22.0,Tier 2,771596.0,Silver,,771.0,3.0,12.0,2.0,Yes,0.7214191432511528,-0.956317949067401,-1.1619995449047662
C474,Male,39.0,Tier 2,,Platinum,10.0,923.0,2.0,35.0,22.0,Yes,,-0.6321219403266305,1.4450073375594004
C475,Other,26.0,Tier 2,544529.0,Platinum,19.0,1297.0,3.0,35.0,27.0,No,-0.19487783900882313,0.16557087065394965,1.4450073375594004
C476,Male,31.0,Tier 2,521051.0,Gold,23.0,1340.0,1.0,23.0,28.0,No,-0.28962001003983917,0.2572842152319308,0.08482983366505262
C477,Female,19.0,Tier 2,399815.0,Silver,14.0,,3.0,17.0,6.0,Yes,-0.7788508579449528,,-0.5952589182821213
C478,Other,31.0,Tier 2,540141.0,Platinum,17.0,1646.0,2.0,,19.0,Yes,-0.212584996623786,0.9099419696705873,
C479,Female,28.0,Tier 3,591127.0,Platinum,4.0,1382.0,,,3.0,Yes,-0.006838155658312691,0.3468646913313542,
C480,Female,37.0,Tier 2,618372.0,Platinum,18.0,1379.0,3.0,,2.0,No,0.10310521471991506,0.3404660858956811,
C481,Other,45.0,Tier 1,627126.0,Platinum,5.0,1731.0,3.0,26.0,26.0,Yes,0.13843075204019423,1.091235790347992,0.42487420963863953
C482,Male,55.0,Tier 1,573582.0,Gold,20.0,1483.0,3.0,14.0,20.0,No,-0.07763853860145845,0.562284407665682,-0.9353032942557082
C483,Other,33.0,Tier 3,,Gold,33.0,1776.0,3.0,23.0,22.0,No,,1.1872148718830884,0.08482983366505262
C484,Other,47.0,Tier 3,468832.0,Gold,20.0,,4.0,34.0,8.0,Yes,-0.5003424493050502,,1.3316592122348714
C485,Other,25.0,Tier 2,1991968.0,Gold,21.0,627.0,5.0,21.0,8.0,No,5.64605892285176,-1.2634510099797098,-0.14186641698400534
C486,Other,45.0,Tier 1,565372.0,Gold,5.0,927.0,1.0,,8.0,No,-0.1107688403377495,-0.6235904664123997,
C487,Female,43.0,Tier 3,650877.0,Silver,13.0,,2.0,22.0,17.0,Yes,0.23427457622273368,,-0.028518291659476364
C488,Male,29.0,Tier 2,1910763.0,,6.0,,3.0,22.0,32.0,Yes,5.318367552267654,,-0.028518291659476364
C489,Other,36.0,Tier 3,495723.0,Silver,18.0,230.0,4.0,33.0,23.0,No,-0.39182759620022645,-2.1101997959671173,1.2183110869103424
C490,Male,35.0,Tier 3,359931.0,Silver,,1504.0,4.0,13.0,26.0,No,-0.9397971374151394,0.6070746457153937,-1.0486514195802372
C491,Other,52.0,Tier 2,644296.0,Platinum,22.0,1370.0,1.0,33.0,29.0,No,0.20771787515981877,0.3212702695886618,1.2183110869103424
C492,Female,25.0,Tier 2,433962.0,Platinum,25.0,,,16.0,9.0,No,-0.6410554360948759,,-0.7086070436066503
C493,Male,45.0,,549567.0,Platinum,8.0,736.0,2.0,16.0,32.0,Yes,-0.17454769769975684,-1.0309683458169205,-0.7086070436066503
C494,Other,58.0,Tier 2,730407.0,Gold,17.0,1550.0,2.0,13.0,7.0,No,0.5552067195951123,0.705186595729048,-1.0486514195802372
C495,Other,29.0,Tier 2,523484.0,Platinum,18.0,1210.0,,31.0,10.0,No,-0.2798019803048335,-0.019988686980570332,0.9916148362612844
C496,Male,55.0,Tier 1,575005.0,Silver,16.0,383.0,5.0,8.0,8.0,Yes,-0.07189622199113661,-1.783870918747789,-1.6153920462028821
C497,Female,54.0,Tier 2,520338.0,Platinum,10.0,927.0,2.0,34.0,21.0,Yes,-0.2924972213842941,-0.6235904664123997,1.3316592122348714
C498,Female,57.0,Tier 1,429805.0,Platinum,,1087.0,1.0,12.0,18.0,No,-0.6578304256585498,-0.2823315098431675,-1.1619995449047662
C499,Other,57.0,Tier 1,765722.0,Platinum,21.0,1456.0,1.0,28.0,26.0,Yes,0.6977154413755164,0.5046969587446241,0.6515704602876975
C500,Female,44.0,,481458.0,Silver,24.0,,3.0,30.0,2.0,No,-0.44939199988697337,,0.8782667109367555
