CustomerID,Gender,Age,CityTier,AnnualIncome,MembershipLevel,TotalTransactions,AvgTransactionValue,SatisfactionScore,LoginFrequency,CartAbandonRate,IsChurned,AnnualIncome_MinMax,AvgTransactionValue_MinMax,LoginFrequency_MinMax
C001,Other,2.0,Tier 2,609605.0,Platinum,,1144.0,,27.0,28.0,No,0.22333729828179483,0.22892083243939068,0.625
C002,Male,28.0,Tier 2,627722.0,Silver,15.0,1809.0,5.0,9.0,25.0,Yes,0.2323577634902434,0.3715940785239219,0.0625
C003,Male,60.0,Tier 2,521901.0,Gold,15.0,1106.0,1.0,30.0,31.0,Yes,0.1796694238742343,0.2207680755202746,0.71875
C004,Other,38.0,Tier 1,739505.0,Gold,22.0,1506.0,4.0,11.0,17.0,No,0.28801458649603945,0.30658656940570694,0.125
C005,Other,55.0,Tier 3,493663.0,Platinum,7.0,1417.0,,21.0,2.0,Yes,0.1656097066718183,0.28749195451619824,0.4375
C006,Other,52.0,Tier 3,494389.0,Silver,12.0,1013.0,1.0,27.0,14.0,Yes,0.165971182508951,0.2008152756919116,0.625
C007,Other,51.0,Tier 3,2048392.0,Gold,22.0,434.0,1.0,11.0,32.0,Yes,0.9397102118915592,0.07659300579274833,0.125
C008,Female,51.0,Tier 2,343009.0,Platinum,25.0,975.0,1.0,7.0,16.0,Yes,0.09059898936135784,0.19266251877279553,0.0
C009,Male,58.0,Tier 1,,Silver,21.0,1325.0,4.0,20.0,8.0,No,,0.2677537009225488,0.40625
C010,Female,44.0,,441037.0,Silver,7.0,635.0,4.0,34.0,30.0,Yes,0.1394071895851144,0.11971679897017808,0.84375
C011,Male,59.0,Tier 1,725877.0,Silver,16.0,,4.0,21.0,33.0,No,0.28122919709046806,,0.4375
C012,Male,21.0,Tier 3,,Gold,,630.0,1.0,14.0,17.0,Yes,,0.11864406779661017,0.21875
C013,Other,23.0,Tier 3,484674.0,Platinum,16.0,1244.0,,25.0,6.0,No,0.16113407815944075,0.2503754559107488,0.5625
C014,Male,40.0,Tier 1,411880.0,Platinum,24.0,1350.0,1.0,10.0,11.0,Yes,0.12488990172935817,0.27311735679038834,0.09375
C015,Other,39.0,Tier 3,477923.0,Silver,,1083.0,3.0,29.0,2.0,Yes,0.157772751194588,0.21583351212186228,0.6875
C016,Other,20.0,Tier 3,,Gold,5.0,1940.0,1.0,34.0,11.0,Yes,,0.39969963527140095,0.84375
C017,Male,29.0,Tier 1,548380.0,Gold,11.0,776.0,1.0,33.0,24.0,Yes,0.19285333391753667,0.14996781806479298,0.8125
C018,Male,19.0,Tier 2,648705.0,Gold,25.0,711.0,1.0,25.0,18.0,No,0.24280521182434267,0.1360223128084102,0.5625
C019,Female,38.0,Tier 3,575063.0,Silver,38.0,416.0,2.0,28.0,22.0,Yes,0.20613881568366982,0.07273117356790387,0.65625
C020,Other,37.0,Tier 3,390617.0,Silver,16.0,1278.0,3.0,16.0,29.0,No,0.11430304122666775,0.2576700278910105,0.28125
C021,Female,46.0,Tier 1,638615.0,Platinum,20.0,1268.0,2.0,13.0,4.0,No,0.23778139474904064,0.2555245655438747,0.1875
C022,Other,22.0,Tier 3,536122.0,Gold,4.0,1079.0,4.0,29.0,5.0,Yes,0.18675006833685764,0.21497532718300794,0.6875
C023,Female,26.0,Tier 3,372577.0,Gold,20.0,912.0,2.0,15.0,19.0,No,0.10532091436458176,0.17914610598583997,0.25
C024,Other,33.0,Tier 1,494723.0,Platinum,16.0,,4.0,8.0,28.0,Yes,0.16613748131005618,,0.03125
C025,Other,42.0,Tier 2,591234.0,Gold,23.0,494.0,,28.0,12.0,Yes,0.21419036632041,0.08946577987556317,0.65625
C026,Other,52.0,Tier 2,588890.0,Gold,5.0,1045.0,3.0,31.0,28.0,Yes,0.21302328730906134,0.2076807552027462,0.75
C027,Female,19.0,Tier 1,468769.0,Platinum,11.0,77.0,2.0,13.0,18.0,Yes,0.15321496908286214,0.0,0.1875
C028,Other,56.0,Tier 3,623401.0,Silver,22.0,1432.0,2.0,27.0,21.0,Yes,0.2302063349885209,0.2907101480369019,0.625
C029,Other,20.0,Tier 2,656529.0,Silver,7.0,1557.0,4.0,30.0,19.0,No,0.2467007861352607,0.31752842737609954,0.71875
C030,Female,45.0,Tier 3,640599.0,Silver,18.0,1117.0,4.0,13.0,18.0,No,0.23876922954362928,0.223128084102124,0.1875
C031,Other,18.0,Tier 1,475182.0,Silver,19.0,623.0,4.0,25.0,35.0,No,0.1564080056442012,0.11714224415361509,0.5625
C032,Female,47.0,Tier 2,589751.0,Platinum,9.0,1590.0,5.0,16.0,14.0,No,0.2134519797274791,0.3246084531216477,0.28125
C033,Male,,Tier 3,,Gold,19.0,1589.0,4.0,8.0,32.0,Yes,,0.32439390688693415,0.03125
C034,Female,49.0,Tier 3,527720.0,Gold,21.0,1671.0,2.0,36.0,29.0,Yes,0.18256670747791937,0.34198669813344773,0.90625
C035,Other,24.0,Tier 1,442215.0,Silver,4.0,1533.0,1.0,29.0,6.0,No,0.13999371649440134,0.3123793177429736,0.6875
C036,Other,55.0,Tier 1,585587.0,Gold,9.0,784.0,3.0,16.0,19.0,No,0.21137872162028803,0.1516841879425016,0.28125
C037,Female,23.0,Tier 2,,Silver,22.0,3580.0,3.0,12.0,30.0,Yes,,0.7515554602016734,0.15625
C038,Other,45.0,Tier 2,593367.0,Gold,14.0,1815.0,4.0,21.0,18.0,No,0.21525238830471316,0.3728813559322034,0.4375
C039,Other,18.0,Tier 3,545700.0,Platinum,5.0,1825.0,4.0,7.0,17.0,No,0.19151896030387872,0.3750268182793392,0.0
C040,Other,18.0,Tier 1,235630.0,Silver,13.0,1528.0,4.0,19.0,34.0,Yes,0.037134920607259495,0.3113065865694057,0.375
C041,Male,35.0,Tier 2,560445.0,Silver,22.0,1080.0,4.0,24.0,26.0,No,0.19886050468200833,0.21518987341772153,0.53125
C042,Male,33.0,Tier 1,561011.0,Gold,16.0,404.0,2.0,23.0,23.0,No,0.19914231642280322,0.07015661875134091,0.5
C043,Male,51.0,Tier 1,523639.0,Silver,12.0,1342.0,3.0,19.0,33.0,Yes,0.18053477512070354,0.27140098691267966,0.375
C044,Other,22.0,Tier 3,727347.0,Gold,7.0,992.0,1.0,18.0,11.0,No,0.2819611109755715,0.19630980476292642,0.34375
C045,Other,29.0,Tier 1,452980.0,Gold,18.0,999.0,4.0,,24.0,No,0.14535361647612843,0.19781162840592148,
C046,Other,45.0,Tier 2,659848.0,Gold,15.0,1331.0,4.0,28.0,5.0,No,0.24835331823366774,0.2690409783308303,0.65625
C047,Female,32.0,Tier 2,486428.0,Platinum,8.0,1405.0,3.0,18.0,7.0,No,0.16200739581554374,0.28491739969963525,0.34375
C048,Other,44.0,Tier 1,561649.0,Platinum,12.0,1587.0,3.0,10.0,6.0,Yes,0.19945997700695017,0.32396481441750696,0.09375
C049,Other,43.0,Tier 3,,Platinum,25.0,1068.0,3.0,7.0,22.0,Yes,,0.21261531860115856,0.0
C050,Other,22.0,Tier 2,502947.0,Silver,19.0,614.0,4.0,30.0,28.0,Yes,0.17023221586181864,0.11521132804119287,0.71875
C051,Female,59.0,Tier 2,585534.0,Platinum,11.0,1304.0,5.0,8.0,14.0,No,0.21135233288837618,0.2632482299935636,0.03125
C052,Male,60.0,Tier 3,2001022.0,Silver,,1106.0,2.0,31.0,2.0,Yes,0.9161246603695519,0.2207680755202746,0.75
C053,Male,52.0,Tier 1,380155.0,Gold,,1031.0,4.0,22.0,25.0,Yes,0.10909400512738039,0.20467710791675606,0.46875
C054,Female,50.0,,508874.0,Platinum,,879.0,1.0,9.0,22.0,Yes,0.1731832727305317,0.1720660802402918,0.0625
C055,Male,35.0,Tier 3,530645.0,Platinum,17.0,1361.0,5.0,21.0,28.0,No,0.18402306673909458,0.2754773653722377,0.4375
C056,Female,44.0,Tier 2,776342.0,Silver,6.0,1269.0,3.0,25.0,23.0,No,0.30635575097600964,0.25573911177858827,0.5625
C057,Female,60.0,Tier 2,580906.0,Platinum,20.0,1170.0,1.0,10.0,16.0,Yes,0.2090480489018055,0.23449903454194376,0.09375
C058,Other,60.0,,319747.0,Gold,8.0,1189.0,1.0,19.0,23.0,No,0.07901682555504715,0.2385754130015018,0.375
C059,Other,38.0,Tier 3,557227.0,Platinum,18.0,2185.0,3.0,18.0,20.0,No,0.19725826054441448,0.45226346277622825,0.34375
C060,Other,60.0,Tier 1,,Gold,12.0,1320.0,4.0,29.0,24.0,Yes,,0.2666809697489809,0.6875
C061,Female,19.0,Tier 1,545834.0,Platinum,,732.0,5.0,18.0,8.0,No,0.19158567898456158,0.1405277837373954,0.34375
C062,Other,23.0,Tier 2,687138.0,Silver,20.0,1500.0,2.0,13.0,11.0,Yes,0.2619410256652823,0.30529929199742545,0.1875
C063,Male,58.0,Tier 3,644923.0,Platinum,14.0,836.0,1.0,32.0,5.0,Yes,0.2409221517471581,0.16284059214760782,0.78125
C064,Female,47.0,Tier 1,718335.0,Silver,18.0,639.0,1.0,27.0,32.0,Yes,0.2774740307493454,0.12057498390903239,0.625
C065,Female,24.0,Tier 2,620422.0,Silver,18.0,2076.0,3.0,28.0,23.0,Yes,0.22872308909483163,0.42887792319244794,0.65625
C066,Other,42.0,Tier 3,431135.0,Silver,8.0,973.0,4.0,9.0,26.0,No,0.13447697782300927,0.19223342630336837,0.0625
C067,Male,60.0,Tier 3,561958.0,Platinum,15.0,998.0,4.0,,8.0,Yes,0.19961382829300256,0.1975970821712079,
C068,Other,39.0,Tier 3,363920.0,Platinum,9.0,1227.0,2.0,31.0,30.0,Yes,0.10101058885210511,0.2467281699206179,0.75
C069,Female,48.0,Tier 1,422523.0,Gold,20.0,1389.0,5.0,27.0,25.0,Yes,0.13018905783762763,0.28148465994421795,0.625
C070,Other,51.0,Tier 2,439669.0,Platinum,11.0,1819.0,,14.0,7.0,Yes,0.13872606156142625,0.3737395408710577,0.21875
C071,Female,24.0,Tier 3,,Gold,19.0,,3.0,30.0,29.0,No,,,0.71875
C072,Male,37.0,Tier 1,511352.0,Silver,,1057.0,2.0,24.0,28.0,Yes,0.17441707042256327,0.21025531001930917,0.53125
C073,Other,41.0,Tier 3,616734.0,Silver,24.0,1617.0,3.0,30.0,8.0,No,0.22688683167424556,0.3304012014589144,0.71875
C074,Male,20.0,Tier 2,613173.0,Gold,9.0,1745.0,,32.0,4.0,No,0.22511380763012756,0.35786311950225275,0.78125
C075,Other,43.0,Tier 3,854699.0,Gold,24.0,1070.0,4.0,19.0,13.0,No,0.3453697484556368,0.21304441107058572,0.375
C076,Female,51.0,Tier 1,525295.0,Silver,6.0,623.0,4.0,,24.0,No,0.1813592985177997,0.11714224415361509,
C077,Female,58.0,Tier 1,692887.0,Platinum,8.0,1719.0,,18.0,4.0,No,0.2648034562268196,0.35228491739969964,0.34375
C078,Female,41.0,Tier 1,445942.0,Platinum,4.0,1447.0,5.0,29.0,20.0,No,0.1418493920384698,0.29392834155760567,0.6875
C079,Male,25.0,Tier 1,696048.0,Silver,14.0,1290.0,3.0,29.0,13.0,Yes,0.2663773200300931,0.2602445827075735,0.6875
C080,Male,30.0,Tier 1,2169480.0,Gold,8.0,1269.0,4.0,33.0,10.0,Yes,1.0,0.25573911177858827,0.8125
C081,Female,47.0,Tier 2,403977.0,Platinum,17.0,1619.0,5.0,17.0,16.0,No,0.12095499327087338,0.33083029392834157,0.3125
C082,Male,34.0,Tier 3,709012.0,Silver,22.0,1493.0,5.0,8.0,3.0,No,0.27283210343586267,0.3037974683544304,0.03125
C083,Other,31.0,Tier 2,435460.0,Platinum,19.0,899.0,4.0,21.0,31.0,Yes,0.1366303979271402,0.1763570049345634,0.4375
C084,Female,38.0,Tier 2,414348.0,Platinum,7.0,1507.0,3.0,20.0,12.0,No,0.1261187204153686,0.3068011156404205,0.40625
C085,Male,28.0,Tier 3,702206.0,Silver,11.0,,4.0,28.0,2.0,No,0.26944339193789385,,0.65625
C086,Male,34.0,Tier 2,662864.0,Silver,16.0,852.0,5.0,10.0,23.0,No,0.2498549864496351,0.1662733319030251,0.09375
C087,Male,30.0,Tier 2,567503.0,Gold,8.0,652.0,5.0,26.0,21.0,No,0.20237468713170914,0.12336408496030894,0.59375
C088,Other,54.0,Tier 1,457386.0,Platinum,,1551.0,5.0,25.0,35.0,No,0.14754736652903033,0.31624114996781805,0.5625
C089,Male,33.0,Tier 3,1952081.0,Silver,20.0,1683.0,1.0,24.0,32.0,No,0.8917569070016277,0.3445612529500107,0.53125
C090,Male,47.0,Tier 2,614555.0,Platinum,23.0,2293.0,3.0,16.0,15.0,No,0.22580190626224522,0.475434456125295,0.28125
C091,Female,48.0,Tier 3,561251.0,Gold,15.0,637.0,3.0,36.0,18.0,Yes,0.19926181256730996,0.12014589143960523,0.90625
C092,Male,52.0,Tier 3,545856.0,Platinum,20.0,814.0,3.0,31.0,12.0,No,0.19159663279780803,0.15812057498390902,0.75
C093,Female,59.0,Tier 2,667261.0,Silver,5.0,1216.0,2.0,33.0,33.0,No,0.25204425539711806,0.24436816133876849,0.8125
C094,Male,18.0,Tier 3,533527.0,Platinum,8.0,1150.0,1.0,27.0,,No,0.18545801627437908,0.23020810984767218,0.625
C095,Female,54.0,Tier 1,638840.0,Gold,25.0,1019.0,,21.0,23.0,Yes,0.23789342238451566,0.2021025531001931,0.4375
C096,Female,59.0,Tier 1,643245.0,Gold,13.0,1618.0,3.0,11.0,31.0,No,0.24008667453681554,0.33061574769362795,0.125
C097,Female,53.0,Tier 3,508942.0,Platinum,6.0,829.0,5.0,35.0,11.0,No,0.17321712997147526,0.16133876850461276,0.875
C098,Male,31.0,Tier 2,488444.0,Gold,,1484.0,1.0,30.0,6.0,No,0.16301116342939992,0.30186655224200815,0.71875
C099,Other,22.0,Tier 1,561097.0,Silver,8.0,1452.0,4.0,21.0,26.0,Yes,0.1991851358745848,0.29500107273117354,0.4375
C100,Other,40.0,Tier 3,761552.0,Silver,18.0,1292.0,2.0,15.0,9.0,No,0.29899180107078505,0.26067367517700063,0.25
C101,Other,19.0,Tier 1,452927.0,Platinum,5.0,1622.0,1.0,14.0,22.0,No,0.14532722774421653,0.3314739326324823,0.21875
C102,Male,37.0,Tier 3,556163.0,Platinum,9.0,1548.0,3.0,32.0,28.0,No,0.19672849430376815,0.3155975112636773,0.78125
C103,Female,29.0,Tier 2,677943.0,Silver,21.0,816.0,4.0,,30.0,Yes,0.25736282962886986,0.1585496674533362,
C104,Other,30.0,Tier 2,715840.0,Silver,25.0,1562.0,3.0,13.0,9.0,No,0.27623176874707794,0.3186011585496675,0.1875
C105,Male,56.0,Tier 2,477531.0,Gold,13.0,1321.0,1.0,31.0,15.0,No,0.15757757415856044,0.2668955159836945,0.75
C106,Male,54.0,Tier 3,580864.0,Platinum,10.0,1209.0,4.0,17.0,33.0,No,0.20902713707651688,0.24286633769577343,0.3125
C107,Female,28.0,Tier 2,654629.0,Platinum,,1774.0,1.0,33.0,6.0,Yes,0.24575477499124937,0.36408496030894655,0.8125
C108,Male,50.0,Tier 1,550876.0,Gold,38.0,3267.0,3.0,23.0,29.0,Yes,0.19409609382040627,0.6844024887363227,0.5
C109,Male,24.0,Tier 1,664480.0,Gold,16.0,1460.0,3.0,27.0,4.0,No,0.2506595938226468,0.2967174426088822,0.625
C110,Female,53.0,,512167.0,Gold,7.0,1503.0,5.0,9.0,19.0,Yes,0.1748228594132839,0.3059429307015662,0.0625
C111,Male,,Tier 1,457260.0,Gold,22.0,1105.0,5.0,11.0,7.0,No,0.14748463105316434,0.22055352928556105,0.125
C112,Male,24.0,Tier 1,491756.0,Gold,24.0,1232.0,3.0,12.0,26.0,No,0.16466021022359223,0.2478009010941858,0.15625
C113,Male,22.0,Tier 1,827759.0,Gold,4.0,453.0,1.0,21.0,34.0,Yes,0.33195630623476113,0.08066938425230637,0.4375
C114,Male,40.0,Tier 3,632351.0,Gold,21.0,554.0,2.0,15.0,33.0,Yes,0.2346625453774161,0.10233855395837803,0.25
C115,Female,35.0,Tier 2,493368.0,Platinum,10.0,,4.0,32.0,30.0,Yes,0.16546282599419548,,0.78125
C116,Female,38.0,Tier 3,557713.0,Gold,19.0,768.0,3.0,10.0,14.0,Yes,0.1975002402370405,0.14825144818708433,0.09375
C117,Other,53.0,Tier 3,464163.0,Gold,17.0,1471.0,3.0,32.0,30.0,No,0.15092163890953791,0.2990774511907316,0.78125
C118,Other,43.0,Tier 3,462356.0,Platinum,24.0,1286.0,3.0,25.0,27.0,No,0.15002193252152302,0.25938639776871913,0.5625
C119,Female,,Tier 2,555468.0,Platinum,16.0,939.0,2.0,10.0,7.0,Yes,0.19638245338530086,0.18493885432310664,0.09375
C120,Female,37.0,Tier 1,807273.0,Platinum,,,3.0,12.0,17.0,Yes,0.3217563144999111,,0.15625
C121,Female,53.0,Tier 2,306982.0,Platinum,23.0,1274.0,1.0,31.0,6.0,Yes,0.0726611243690977,0.2568118429521562,0.75
C122,Female,38.0,Tier 1,470585.0,Platinum,16.0,1540.0,5.0,32.0,7.0,No,0.15411915657629605,0.3138811413859687,0.78125
C123,Male,33.0,Tier 1,454897.0,Platinum,9.0,1154.0,2.0,11.0,30.0,No,0.14630809193037558,0.2310662947865265,0.125
C124,Male,49.0,Tier 2,610598.0,Platinum,18.0,,2.0,24.0,31.0,No,0.22383171357969123,,0.53125
C125,Other,50.0,Tier 1,405964.0,Platinum,18.0,1066.0,2.0,21.0,7.0,Yes,0.12194432176726831,0.21218622613173138,0.4375
C126,Male,31.0,Tier 3,493006.0,Gold,10.0,938.0,5.0,17.0,20.0,No,0.16528258597623124,0.18472430808839305,0.3125
C127,Other,24.0,Tier 2,761854.0,Silver,8.0,1361.0,4.0,15.0,26.0,Yes,0.29914216705262264,0.2754773653722377,0.25
C128,Female,50.0,Tier 3,398693.0,Gold,6.0,1567.0,3.0,19.0,29.0,No,0.11832408648931779,0.31967388972323535,0.375
C129,Female,38.0,Tier 2,804658.0,Gold,5.0,1612.0,1.0,,29.0,Yes,0.32045430442539036,0.3293284702853465,
C130,Other,37.0,Tier 2,367675.0,Platinum,16.0,1006.0,4.0,7.0,6.0,Yes,0.10288020561303264,0.19931345204891654,0.0
C131,Other,,Tier 3,702029.0,Platinum,16.0,916.0,3.0,31.0,10.0,Yes,0.26935526353132017,0.18000429092469428,0.75
C132,Male,51.0,Tier 3,603258.0,Platinum,23.0,1509.0,1.0,30.0,29.0,Yes,0.22017712316019505,0.3072302081098477,0.71875
C133,Male,35.0,Tier 1,438768.0,,13.0,1176.0,4.0,35.0,17.0,Yes,0.1382774531189241,0.23578631195022526,0.875
C134,Male,49.0,Tier 1,161047.0,Gold,22.0,790.0,4.0,7.0,2.0,Yes,0.0,0.1529714653507831,0.0
C135,Male,43.0,Tier 3,519691.0,Gold,23.0,,2.0,17.0,6.0,No,0.17856906354356855,,0.3125
C136,Other,33.0,Tier 1,745889.0,Silver,9.0,627.0,2.0,23.0,18.0,Yes,0.29119318393991733,0.11800042909246942,0.5
C137,Other,35.0,Tier 1,1911991.0,Gold,22.0,1252.0,1.0,18.0,8.0,Yes,0.8717960718629897,0.2520918257884574,0.34375
C138,Male,,Tier 1,722952.0,Silver,5.0,625.0,4.0,36.0,19.0,No,0.2797728378292928,0.11757133662304227,0.90625
C139,Male,50.0,Tier 1,689579.0,Gold,13.0,1204.0,,25.0,17.0,No,0.2631564010350358,0.24179360652220555,0.5625
C140,Male,52.0,Tier 1,,Platinum,4.0,399.0,3.0,14.0,5.0,Yes,,0.069083887577773,0.21875
C141,Other,35.0,Tier 1,605452.0,Gold,22.0,1119.0,1.0,28.0,17.0,No,0.221269517081227,0.22355717657155116,0.65625
C142,Female,38.0,Tier 2,557307.0,Platinum,18.0,1458.0,2.0,34.0,12.0,No,0.19729809259258335,0.29628835013945504,0.84375
C143,Other,56.0,Tier 2,565131.0,Gold,12.0,441.0,4.0,10.0,10.0,Yes,0.20119366690350138,0.07809482943574339,0.09375
C144,Male,26.0,Tier 2,703664.0,Platinum,,953.0,4.0,34.0,23.0,No,0.270169331015772,0.18794250160909676,0.84375
C145,Male,28.0,Tier 2,,Platinum,9.0,1474.0,5.0,16.0,32.0,No,,0.29972108989487234,0.28125
C146,Female,26.0,Tier 3,558516.0,Platinum,15.0,1375.0,5.0,,,No,0.19790005442053582,0.27848101265822783,
C147,Male,48.0,Tier 3,536980.0,Platinum,5.0,1005.0,4.0,34.0,17.0,No,0.18717726705346904,0.19909890581420298,0.84375
C148,Other,19.0,Tier 2,574911.0,Silver,19.0,,1.0,23.0,23.0,Yes,0.20606313479214888,,0.5
C149,Male,39.0,,494256.0,Silver,15.0,951.0,4.0,17.0,12.0,No,0.1659049617288702,0.1875134091396696,0.3125
C150,Other,49.0,Tier 1,507341.0,Platinum,22.0,1580.0,3.0,29.0,27.0,Yes,0.17241999110749523,0.3224629907745119,0.6875
C151,Male,56.0,Tier 3,724306.0,Silver,15.0,1344.0,1.0,30.0,,Yes,0.28044699524455136,0.27183007938210685,0.71875
C152,Male,22.0,Tier 1,619757.0,Gold,19.0,948.0,4.0,31.0,12.0,Yes,0.22839198519442772,0.18686977043552885,0.75
C153,Female,19.0,Tier 1,655210.0,Platinum,6.0,1420.0,1.0,26.0,12.0,No,0.24604405524107598,0.288135593220339,0.59375
C154,Male,30.0,Tier 3,464784.0,Gold,16.0,484.0,,33.0,32.0,Yes,0.151230835183449,0.08732031752842737,0.8125
C155,Male,28.0,Tier 1,403531.0,Gold,6.0,932.0,4.0,15.0,18.0,No,0.12073292960233177,0.18343703068011158,0.25
C156,Other,21.0,Tier 3,689432.0,Platinum,11.0,1821.0,4.0,36.0,17.0,Yes,0.26308320964652543,0.3741686333404849,0.90625
C157,Female,20.0,Tier 3,497257.0,Silver,9.0,1036.0,4.0,13.0,11.0,No,0.1673991614358059,0.20574983909032396,0.1875
C158,Female,22.0,Tier 3,581394.0,Gold,39.0,1204.0,2.0,31.0,8.0,Yes,0.2092910243956358,0.24179360652220555,0.75
C159,Female,52.0,Tier 2,661712.0,,8.0,990.0,4.0,,32.0,No,0.24928140495600298,0.19588071229349927,
C160,Male,39.0,Tier 2,663897.0,Platinum,8.0,1104.0,3.0,27.0,30.0,No,0.250369317771616,0.22033898305084745,0.625
C161,Other,49.0,Tier 2,652476.0,Gold,20.0,1091.0,2.0,,25.0,No,0.24468279499490397,0.2175498819995709,
C162,Female,47.0,Tier 3,476428.0,Gold,19.0,1964.0,3.0,,5.0,Yes,0.1570283897944318,0.40484874490452694,
C163,Male,59.0,Tier 1,,,24.0,483.0,5.0,29.0,29.0,No,,0.08710577129371379,0.6875
C164,Female,34.0,Tier 2,496387.0,,15.0,1681.0,1.0,15.0,19.0,No,0.1669659879119692,0.34413216048058354,0.25
C165,Male,27.0,Tier 1,406400.0,Platinum,8.0,1508.0,3.0,,14.0,Yes,0.1221614064297888,0.30701566187513407,
C166,Other,52.0,Tier 2,630046.0,Silver,9.0,920.0,5.0,28.0,7.0,Yes,0.23351488448954982,0.1808624758635486,0.65625
C167,Other,37.0,Tier 2,548941.0,Silver,22.0,363.0,2.0,19.0,28.0,Yes,0.1931326561553211,0.06136022312808409,0.375
C168,Male,30.0,Tier 3,762451.0,Platinum,14.0,1076.0,1.0,31.0,12.0,Yes,0.299439413712083,0.2143316884788672,0.75
C169,Male,57.0,Tier 2,646457.0,Silver,4.0,1445.0,1.0,14.0,24.0,Yes,0.24168593127079668,0.2934992490881785,0.21875
C170,Female,50.0,Tier 1,712945.0,Gold,14.0,1026.0,4.0,36.0,,Yes,0.274790346503966,0.20360437674318815,0.90625
C171,Other,26.0,Tier 1,574458.0,Platinum,24.0,,1.0,,9.0,No,0.20583758581939254,,
C172,Male,53.0,Tier 3,654704.0,Gold,20.0,1661.0,1.0,16.0,8.0,Yes,0.24579211753640773,0.3398412357863119,0.28125
C173,Female,51.0,Tier 2,,Gold,19.0,4738.0,1.0,11.0,34.0,Yes,,0.9999999999999999,0.125
C174,Female,59.0,Tier 2,463786.0,Silver,25.0,1114.0,,27.0,24.0,No,0.15073393038254201,0.22248444539798326,0.625
C175,Other,23.0,Tier 2,587308.0,Gold,19.0,1790.0,1.0,34.0,28.0,No,0.2122356085565214,0.36751770006436385,0.84375
C176,Other,46.0,Tier 2,652919.0,Platinum,19.0,,3.0,35.0,16.0,No,0.24490336496163922,,0.875
C177,Other,51.0,Tier 3,547718.0,Gold,8.0,798.0,,23.0,33.0,Yes,0.1925237237189391,0.15468783522849175,0.5
C178,Female,38.0,,547778.0,Gold,18.0,1084.0,4.0,30.0,8.0,Yes,0.19255359775506575,0.21604805835657584,0.71875
C179,Other,,Tier 1,588726.0,Platinum,18.0,,2.0,31.0,32.0,No,0.2129416316103151,,0.75
C180,Other,46.0,Tier 3,612321.0,Gold,,1813.0,4.0,13.0,27.0,Yes,0.22468959631712881,0.3724522634627762,0.1875
C181,Other,39.0,,536948.0,Silver,25.0,1360.0,1.0,36.0,32.0,Yes,0.1871613342342015,0.27526281913752415,0.90625
C182,Other,55.0,Tier 1,632817.0,Gold,23.0,1039.0,3.0,11.0,34.0,No,0.23489456705799994,0.2063934777944647,0.125
C183,Other,53.0,Tier 1,576891.0,Platinum,9.0,1205.0,1.0,25.0,28.0,No,0.20704897798432909,0.24200815275691911,0.5625
C184,Female,18.0,Tier 1,,Gold,13.0,,3.0,18.0,8.0,Yes,,,0.34375
C185,Other,59.0,Tier 1,552941.0,Platinum,16.0,1399.0,,13.0,30.0,No,0.19512425856376586,0.28363012229135376,0.1875
C186,Other,52.0,Tier 1,724137.0,Silver,9.0,,3.0,25.0,2.0,Yes,0.28036285004279454,,0.5625
C187,Male,27.0,,808381.0,Platinum,21.0,893.0,2.0,32.0,28.0,No,0.3223079883670503,0.17506972752628192,0.78125
C188,Male,40.0,Tier 1,654678.0,Platinum,,1273.0,5.0,8.0,22.0,Yes,0.24577917212075284,0.25659729671744264,0.03125
C189,Female,34.0,,812776.0,Platinum,5.0,876.0,1.0,31.0,2.0,Yes,0.32449626151332905,0.17142244153615105,0.75
C190,Other,58.0,Tier 3,449233.0,Platinum,17.0,960.0,,8.0,5.0,No,0.14348798292001774,0.18944432525209182,0.03125
C191,Other,22.0,Tier 1,295132.0,Gold,40.0,2939.0,1.0,29.0,24.0,Yes,0.06676100223408,0.6140313237502681,0.6875
C192,Female,37.0,Tier 2,486909.0,,11.0,434.0,5.0,16.0,25.0,Yes,0.16224688600515924,0.07659300579274833,0.28125
C193,Other,53.0,,593497.0,Silver,15.0,1428.0,2.0,33.0,9.0,Yes,0.21531711538298764,0.2898519630980476,0.8125
C194,Other,47.0,Tier 1,666462.0,Platinum,15.0,1496.0,,22.0,21.0,Yes,0.2516464328160312,0.30444110705857114,0.46875
C195,Other,54.0,Tier 2,727199.0,Silver,12.0,1480.0,4.0,16.0,8.0,Yes,0.281887421686459,0.30100836730315383,0.28125
C196,Female,26.0,Tier 1,,Silver,,1170.0,5.0,15.0,32.0,Yes,,0.23449903454194376,0.25
C197,Female,43.0,Tier 3,516133.0,Platinum,4.0,1318.0,5.0,11.0,13.0,Yes,0.1767975332012569,0.26625187727955374,0.125
C198,Other,48.0,Tier 1,,Gold,20.0,1336.0,4.0,27.0,35.0,No,,0.27011370950439817,0.625
C199,Other,34.0,Tier 3,539630.0,Platinum,12.0,1310.0,3.0,32.0,2.0,Yes,0.18849670364906373,0.2645355074018451,0.78125
C200,Female,28.0,Tier 3,583446.0,Gold,25.0,219.0,4.0,25.0,,Yes,0.210312716431168,0.03046556532932847,0.5625
C201,Male,54.0,Tier 1,441844.0,Silver,20.0,1156.0,1.0,33.0,7.0,No,0.1398089953710181,0.23149538725595367,0.8125
C202,Female,28.0,Tier 2,543341.0,Silver,9.0,1303.0,,11.0,14.0,No,0.1903444127834984,0.26303368375885006,0.125
C203,Male,56.0,Tier 2,586281.0,Platinum,19.0,1806.0,1.0,27.0,28.0,Yes,0.21172426463815325,0.37095043981978115,0.625
C204,Other,51.0,Tier 2,587495.0,Platinum,22.0,1074.0,2.0,26.0,28.0,Yes,0.21232871596911623,0.21390259600944003,0.59375
C205,Other,18.0,Tier 1,358105.0,Gold,17.0,652.0,4.0,28.0,15.0,No,0.0981152968508285,0.12336408496030894,0.65625
C206,Male,41.0,Tier 2,614259.0,Platinum,25.0,1624.0,2.0,32.0,5.0,Yes,0.22565452768402033,0.33190302510190944,0.78125
C207,Male,27.0,Tier 3,734964.0,Silver,16.0,868.0,,12.0,,No,0.2857536198618525,0.1697060716584424,0.15625
C208,Male,20.0,Tier 3,513536.0,Silver,9.0,1296.0,4.0,7.0,6.0,No,0.17550448533757412,0.26153186011585494,0.0
C209,Other,53.0,Tier 2,795687.0,Silver,4.0,1245.0,1.0,10.0,18.0,No,0.3159876381238508,0.25059000214546234,0.09375
C210,Other,46.0,Tier 3,736151.0,Gold,4.0,1267.0,2.0,17.0,24.0,Yes,0.2863446278765585,0.25531001930916114,0.3125
C211,Other,34.0,Tier 1,688389.0,Platinum,15.0,1610.0,2.0,30.0,18.0,Yes,0.2625638993185234,0.3288993778159193,0.71875
C212,Male,57.0,Tier 1,569930.0,Gold,21.0,791.0,3.0,35.0,19.0,No,0.20358309189303303,0.1531860115854967,0.875
C213,Female,32.0,,517708.0,,25.0,1795.0,5.0,7.0,26.0,No,0.17758172664958205,0.3685904312379318,0.0
C214,Female,57.0,Tier 1,655339.0,Platinum,17.0,1026.0,4.0,11.0,16.0,No,0.24610828441874832,0.20360437674318815,0.125
C215,Male,53.0,Tier 2,508922.0,Gold,19.0,507.0,5.0,16.0,5.0,Yes,0.17320717195943303,0.09225488092683973,0.28125
C216,Male,31.0,Tier 2,723320.0,Gold,12.0,1554.0,5.0,27.0,20.0,No,0.2799560652508697,0.3168847886719588,0.625
C217,Other,46.0,Tier 2,533550.0,Silver,17.0,1280.0,1.0,17.0,20.0,No,0.1854694679882276,0.2580991203604377,0.3125
C218,Female,46.0,Tier 2,289496.0,Silver,33.0,1005.0,1.0,,32.0,Yes,0.0639548344405813,0.19909890581420298,
C219,Female,51.0,Tier 1,710133.0,Gold,13.0,1592.0,,34.0,32.0,No,0.27339025001082934,0.3250375455910749,0.84375
C220,Other,46.0,Tier 3,589684.0,Platinum,20.0,1194.0,4.0,21.0,28.0,No,0.2134186203871376,0.23964814417506974,0.4375
C221,Male,18.0,Tier 1,,Gold,4.0,1087.0,1.0,35.0,27.0,No,,0.2166916970607166,0.875
C222,Female,32.0,Tier 2,350236.0,Platinum,13.0,1197.0,2.0,16.0,31.0,No,0.09419731701281546,0.2402917828792105,0.28125
C223,Other,57.0,,598374.0,Silver,8.0,1649.0,,20.0,33.0,No,0.21774537661948395,0.337266680969749,0.40625
C224,Other,20.0,,,Gold,12.0,1150.0,2.0,14.0,4.0,Yes,,0.23020810984767218,0.21875
C225,Other,60.0,Tier 2,540963.0,Silver,21.0,759.0,2.0,28.0,9.0,No,0.18916040515167792,0.14632053207466209,0.65625
C226,Female,18.0,Tier 2,608520.0,Silver,23.0,1498.0,4.0,36.0,5.0,Yes,0.22279707612850413,0.30487019952799826,0.90625
C227,Other,52.0,Tier 1,515116.0,Platinum,18.0,2396.0,2.0,29.0,20.0,No,0.17629116828890978,0.4975327183007938,0.6875
C228,Male,54.0,Tier 2,431712.0,Platinum,6.0,1401.0,5.0,34.0,13.0,No,0.13476426647042744,0.28405921476078094,0.84375
C229,Other,33.0,Tier 1,486369.0,Platinum,8.0,882.0,1.0,8.0,10.0,Yes,0.16197801968001918,0.17270971894443252,0.03125
C230,Male,24.0,,537156.0,Gold,,785.0,1.0,22.0,7.0,Yes,0.1872648975594406,0.1518987341772152,0.46875
C231,Female,53.0,Tier 2,,Platinum,6.0,720.0,5.0,24.0,14.0,Yes,,0.13795322892083245,0.53125
C232,Other,58.0,Tier 3,785767.0,Platinum,25.0,1214.0,5.0,12.0,30.0,No,0.3110484641509077,0.24393906886934136,0.15625
C233,Other,38.0,Tier 2,466032.0,Platinum,16.0,1285.0,4.0,,20.0,Yes,0.15185221513488378,0.25917185153400557,
C234,Female,18.0,Tier 1,536520.0,Platinum,20.0,1111.0,1.0,15.0,17.0,No,0.1869482327764979,0.2218408066938425,0.25
C235,Male,54.0,Tier 1,623700.0,Silver,22.0,1503.0,1.0,9.0,23.0,No,0.23035520726855213,0.3059429307015662,0.0625
C236,Female,25.0,Tier 1,486339.0,Platinum,13.0,969.0,3.0,8.0,27.0,Yes,0.16196308266195586,0.19137524136451406,0.03125
C237,Male,45.0,Tier 2,516993.0,Platinum,6.0,279.0,2.0,19.0,14.0,Yes,0.17722572771907252,0.04333833941214331,0.375
C238,Male,22.0,Tier 2,368177.0,Platinum,10.0,,3.0,33.0,30.0,No,0.10313015171529248,,0.8125
C239,Male,32.0,Tier 2,747396.0,Platinum,8.0,,1.0,17.0,15.0,No,0.2919435201472989,,0.3125
C240,Other,48.0,Tier 1,619186.0,Platinum,5.0,1324.0,1.0,9.0,19.0,No,0.2281076839506222,0.26753915468783523,0.0625
C241,Male,19.0,Tier 3,919465.0,Platinum,23.0,1647.0,4.0,8.0,35.0,No,0.37761677885197065,0.3368375885003218,0.03125
C242,Female,,Tier 3,534649.0,Platinum,12.0,817.0,1.0,14.0,27.0,Yes,0.18601666074994783,0.15876421368804977,0.21875
C243,Other,42.0,Tier 3,357226.0,Silver,13.0,1281.0,2.0,28.0,10.0,Yes,0.09767764222157276,0.25831366659515126,0.65625
C244,Female,27.0,Tier 3,459237.0,Platinum,8.0,631.0,4.0,30.0,19.0,Yes,0.1484689805435382,0.11885861403132374,0.71875
C245,Male,26.0,Tier 3,472411.0,Platinum,,767.0,5.0,12.0,33.0,Yes,0.1550283230757511,0.14803690195237074,0.15625
C246,Male,32.0,Tier 1,752456.0,Platinum,6.0,1552.0,5.0,21.0,29.0,Yes,0.29446289719398155,0.31645569620253167,0.4375
C247,Other,42.0,Tier 2,549043.0,Platinum,5.0,1791.0,1.0,24.0,4.0,Yes,0.19318344201673643,0.36773224629907747,0.53125
C248,Male,36.0,Tier 2,559284.0,Gold,20.0,855.0,1.0,31.0,10.0,No,0.1982824420829572,0.16691697060716584,0.75
C249,Female,19.0,Tier 3,732774.0,Silver,9.0,1415.0,4.0,29.0,34.0,Yes,0.284663217543229,0.28706286204677106,0.6875
C250,Female,53.0,Tier 1,425530.0,Silver,5.0,1123.0,4.0,35.0,,No,0.13168624494817605,0.2244153615104055,0.875
C251,Male,47.0,Tier 2,1824876.0,Silver,18.0,646.0,2.0,27.0,15.0,Yes,0.8284214609100727,0.12207680755202745,0.625
C252,Male,59.0,Tier 1,661141.0,Gold,7.0,1963.0,5.0,25.0,13.0,No,0.24899710371219752,0.4046341986698133,0.5625
C253,Male,23.0,Tier 2,,Gold,19.0,1425.0,5.0,13.0,8.0,Yes,,0.28920832439390687,0.1875
C254,Female,56.0,Tier 3,471922.0,Platinum,8.0,1005.0,4.0,26.0,20.0,Yes,0.15478484968131873,0.19909890581420298,0.59375
C255,Male,19.0,Tier 1,478912.0,Gold,21.0,854.0,3.0,16.0,22.0,Yes,0.15826517489007602,0.16670242437245228,0.28125
C256,Other,39.0,Tier 3,555822.0,Silver,25.0,,2.0,35.0,23.0,No,0.19655871019844823,,0.875
C257,Other,21.0,Tier 2,582454.0,Silver,,1179.0,3.0,33.0,26.0,Yes,0.20981879903387368,0.236429950654366,0.8125
C258,Female,38.0,Tier 2,521326.0,Gold,20.0,836.0,2.0,7.0,34.0,No,0.17938313102802034,0.16284059214760782,0.0
C259,Female,51.0,Tier 2,480787.0,Platinum,5.0,1502.0,1.0,34.0,7.0,Yes,0.1591987385190345,0.30572838446685263,0.84375
C260,Male,51.0,Tier 3,610110.0,Silver,12.0,808.0,3.0,7.0,34.0,No,0.22358873808586094,0.15683329757562756,0.0
C261,Other,38.0,Tier 3,561919.0,Gold,,1500.0,1.0,20.0,30.0,No,0.19959441016952023,0.30529929199742545,0.40625
C262,Female,30.0,Tier 3,349671.0,Gold,18.0,1417.0,4.0,11.0,18.0,No,0.09391600317262265,0.28749195451619824,0.125
C263,Male,60.0,Tier 2,470485.0,Gold,13.0,1428.0,1.0,10.0,6.0,No,0.15406936651608494,0.2898519630980476,0.09375
C264,Female,55.0,Tier 3,458408.0,Silver,22.0,478.0,3.0,28.0,33.0,No,0.14805622094438797,0.08603304012014588,0.65625
C265,Female,53.0,Tier 2,,Silver,16.0,,2.0,35.0,2.0,Yes,,,0.875
C266,Female,52.0,Tier 3,581166.0,Gold,25.0,838.0,3.0,26.0,27.0,No,0.20917750305835442,0.16326968461703498,0.59375
C267,Male,41.0,,626631.0,Silver,11.0,535.0,4.0,13.0,32.0,No,0.23181455393334005,0.09826217549881999,0.1875
C268,Female,44.0,Tier 3,1986784.0,Silver,17.0,715.0,4.0,29.0,29.0,No,0.9090355515966926,0.13688049774726455,0.6875
C269,Other,45.0,Tier 2,471779.0,Silver,11.0,1218.0,5.0,25.0,25.0,No,0.1547136498952168,0.24479725380819567,0.5625
C270,Other,23.0,Tier 3,446750.0,Gold,23.0,1046.0,1.0,25.0,5.0,Yes,0.14225169572497565,0.20789530143745977,0.5625
C271,Female,47.0,Tier 2,670755.0,Gold,23.0,969.0,1.0,,20.0,Yes,0.25378392010089457,0.19137524136451406,
C272,Female,49.0,Tier 3,650283.0,Platinum,4.0,748.0,2.0,12.0,17.0,Yes,0.2435908989744741,0.14396052349281271,0.15625
C273,Female,23.0,Tier 3,613576.0,Gold,18.0,1776.0,,33.0,12.0,No,0.2253144615727784,0.36451405277837373,0.8125
C274,Female,48.0,Tier 3,253402.0,Gold,4.0,881.0,3.0,8.0,24.0,No,0.0459836101079797,0.17249517270971895,0.03125
C275,Other,59.0,Tier 2,619248.0,Platinum,11.0,1118.0,3.0,17.0,2.0,Yes,0.2281385537879531,0.2233426303368376,0.3125
C276,Female,24.0,Tier 3,594537.0,,5.0,958.0,5.0,10.0,10.0,Yes,0.2158349320091833,0.18901523278266466,0.09375
C277,Male,29.0,Tier 2,560390.0,Gold,25.0,1137.0,1.0,19.0,5.0,No,0.1988331201488922,0.22741900879639562,0.375
C278,Male,46.0,Tier 1,690133.0,Silver,23.0,1301.0,,30.0,,No,0.2634322379686054,0.2626045912894229,0.71875
C279,Male,59.0,Tier 1,590512.0,Gold,19.0,1035.0,1.0,32.0,24.0,No,0.21383088208568568,0.2055352928556104,0.78125
C280,Female,21.0,Tier 3,491487.0,Silver,13.0,,4.0,19.0,24.0,No,0.1645262749616243,,0.375
C281,Other,30.0,,597334.0,Gold,13.0,1031.0,,32.0,27.0,No,0.2172275599932883,0.20467710791675606,0.78125
C282,Other,52.0,Tier 3,584772.0,Gold,,2030.0,2.0,33.0,31.0,Yes,0.2109729326295674,0.4190087963956233,0.8125
C283,Male,25.0,Tier 3,654534.0,Platinum,25.0,1069.0,2.0,,19.0,No,0.24570747443404883,0.21282986483587213,
C284,Male,41.0,Tier 2,694145.0,Platinum,4.0,,1.0,16.0,32.0,Yes,0.2654298151842755,,0.28125
C285,Male,58.0,Tier 2,305425.0,Silver,23.0,796.0,3.0,13.0,35.0,No,0.07188589313161058,0.1542587427590646,0.1875
C286,Other,50.0,Tier 3,325504.0,Silver,19.0,1059.0,1.0,20.0,31.0,Yes,0.0818832393214013,0.21068440248873632,0.40625
C287,Other,29.0,Tier 1,552210.0,Platinum,17.0,1870.0,1.0,30.0,14.0,Yes,0.1947602932236226,0.3846813988414503,0.71875
C288,Male,48.0,Tier 1,589231.0,Gold,18.0,1112.0,2.0,,10.0,No,0.21319307141438126,0.2220553529285561,
C289,Female,44.0,Tier 2,649528.0,Platinum,22.0,315.0,5.0,25.0,31.0,No,0.24321498401988018,0.051062003861832225,0.5625
C290,Other,33.0,Tier 2,578273.0,Silver,17.0,1508.0,,22.0,8.0,Yes,0.20773707661644675,0.30701566187513407,0.46875
C291,Male,53.0,Tier 3,372569.0,Gold,4.0,1657.0,5.0,21.0,10.0,No,0.10531693115976486,0.3389830508474576,0.4375
C292,Male,41.0,Tier 3,,Platinum,17.0,1033.0,5.0,9.0,23.0,Yes,,0.2051062003861832,0.0625
C293,Other,41.0,Tier 1,,Gold,6.0,2108.0,3.0,22.0,15.0,Yes,,0.43574340270328255,0.46875
C294,Female,40.0,Tier 3,,Gold,7.0,1299.0,3.0,28.0,6.0,No,,0.2621754988199957,0.65625
C295,Male,23.0,Tier 1,494876.0,Gold,8.0,860.0,3.0,36.0,24.0,Yes,0.1662136601021792,0.16798970178073375,0.90625
C296,Female,30.0,Tier 1,649640.0,Platinum,14.0,857.0,5.0,11.0,21.0,No,0.24327074888731665,0.167346063076593,0.125
C297,Male,48.0,Tier 2,558587.0,Gold,9.0,1008.0,2.0,17.0,30.0,Yes,0.1979354053632857,0.1997425445183437,0.3125
C298,Male,53.0,Tier 3,607477.0,Platinum,7.0,1333.0,2.0,,34.0,No,0.22227776580050218,0.2694700708002575,
C299,Female,36.0,Tier 3,674504.0,Gold,19.0,995.0,,14.0,7.0,Yes,0.2556505494582095,0.19695344346706717,0.21875
C300,Other,51.0,Tier 2,517615.0,Platinum,20.0,808.0,5.0,18.0,29.0,No,0.17753542189358568,0.15683329757562756,0.34375
C301,Male,36.0,Tier 2,496684.0,Platinum,17.0,1350.0,4.0,33.0,7.0,No,0.16711386439079623,0.27311735679038834,0.8125
C302,Female,51.0,Tier 1,640838.0,Silver,17.0,831.0,2.0,16.0,4.0,No,0.23888822778753388,0.16176786097403992,0.28125
C303,Other,37.0,Tier 3,,Gold,24.0,1742.0,4.0,27.0,9.0,No,,0.357219480798112,0.625
C304,Male,56.0,Tier 3,599612.0,Platinum,7.0,,3.0,17.0,10.0,Yes,0.2183617775648976,,0.3125
C305,Female,41.0,,457145.0,Silver,9.0,702.0,3.0,28.0,19.0,No,0.14742737248392157,0.134091396695988,0.65625
C306,Male,52.0,,336553.0,Gold,9.0,1798.0,2.0,29.0,35.0,Yes,0.08738454307412795,0.36923406994207253,0.6875
C307,Female,47.0,Tier 1,628523.0,Gold,18.0,1177.0,3.0,30.0,16.0,Yes,0.23275658187253445,0.23600085818493888,0.71875
C308,Other,32.0,Tier 1,583596.0,Silver,,749.0,5.0,36.0,6.0,Yes,0.21038740152148466,0.14417506972752628,0.90625
C309,Male,25.0,Tier 1,843490.0,Silver,12.0,1251.0,5.0,23.0,8.0,Yes,0.3397887806065724,0.25187727955374384,0.5
C310,Other,31.0,Tier 2,,Platinum,20.0,1490.0,2.0,12.0,26.0,Yes,,0.30315382965028964,0.15625
C311,Female,25.0,Tier 2,607721.0,Gold,5.0,1289.0,4.0,33.0,28.0,No,0.2223992535474173,0.2600300364728599,0.8125
C312,Male,22.0,Tier 2,,Platinum,18.0,1388.0,4.0,10.0,12.0,Yes,,0.2812701137095044,0.09375
C313,Female,30.0,Tier 2,775842.0,Gold,22.0,1738.0,4.0,19.0,34.0,No,0.30610680067495405,0.3563612958592577,0.375
C314,Male,25.0,Tier 2,,Platinum,,995.0,3.0,10.0,35.0,No,,0.19695344346706717,0.09375
C315,Male,36.0,Tier 2,431247.0,Platinum,5.0,1149.0,4.0,,13.0,No,0.13453274269044574,0.22999356361295858,
C316,Other,28.0,Tier 1,556686.0,Platinum,25.0,1637.0,2.0,22.0,26.0,No,0.19698889631867234,0.334692126153186,0.46875
C317,Female,38.0,,346904.0,Platinum,24.0,1811.0,3.0,14.0,21.0,Yes,0.09253831220658094,0.3720231709933491,0.21875
C318,Female,25.0,Tier 1,531039.0,Gold,,,3.0,25.0,33.0,Yes,0.1842192395763264,,0.5625
C319,Female,49.0,Tier 3,428547.0,Gold,6.0,538.0,1.0,32.0,7.0,Yes,0.1331884110647455,0.09890581420296073,0.78125
C320,Other,39.0,Tier 3,648780.0,Silver,13.0,1229.0,4.0,28.0,13.0,Yes,0.24284255436950097,0.24715726239004504,0.65625
C321,Other,49.0,Tier 3,395204.0,Platinum,22.0,681.0,4.0,28.0,29.0,Yes,0.11658691128855182,0.12958592576700279,0.65625
C322,Other,31.0,Tier 2,509705.0,Platinum,8.0,1867.0,4.0,20.0,4.0,No,0.17359702813088612,0.38403776013730956,0.40625
C323,Male,19.0,Tier 2,518849.0,Platinum,31.0,,4.0,35.0,10.0,Yes,0.1781498312365909,,0.875
C324,Other,60.0,Tier 3,520510.0,Silver,22.0,1090.0,4.0,13.0,30.0,Yes,0.17897684413669762,0.21733533576485733,0.1875
C325,Female,52.0,Tier 1,226373.0,Gold,15.0,1178.0,,32.0,17.0,No,0.03252585473351613,0.23621540441965244,0.78125
C326,Female,58.0,Tier 2,522287.0,Silver,16.0,1478.0,2.0,12.0,22.0,No,0.1798616135066492,0.30057927483372665,0.15625
C327,Male,35.0,Tier 2,771874.0,Platinum,7.0,1650.0,3.0,24.0,31.0,Yes,0.30413113108577683,0.33748122720446255,0.53125
C328,Other,59.0,Tier 2,517733.0,Platinum,7.0,757.0,2.0,32.0,30.0,Yes,0.1775941741646348,0.14589143960523493,0.78125
C329,Female,29.0,Tier 2,858803.0,Silver,22.0,1223.0,5.0,21.0,12.0,No,0.34741313252670114,0.24586998498176355,0.4375
C330,Other,34.0,Tier 2,,Platinum,18.0,1190.0,2.0,32.0,33.0,No,,0.23878995923621543,0.78125
C331,Male,56.0,Tier 2,573770.0,,11.0,1142.0,4.0,34.0,27.0,No,0.20549503020514004,0.22849173996996353,0.84375
C332,Other,45.0,Tier 2,,Silver,23.0,981.0,,19.0,27.0,Yes,,0.19394979618107702,0.375
C333,Other,20.0,Tier 2,546069.0,Gold,20.0,982.0,2.0,15.0,29.0,No,0.19170268562605774,0.19416434241579061,0.25
C334,Other,34.0,Tier 2,464458.0,Silver,24.0,1242.0,2.0,12.0,29.0,No,0.15106851958716072,0.2499463634413216,0.15625
C335,Male,46.0,Tier 3,519402.0,Platinum,6.0,1801.0,5.0,28.0,2.0,Yes,0.1784251702695584,0.3698777086462133,0.65625
C336,Female,22.0,Tier 2,,Platinum,15.0,1636.0,,29.0,31.0,No,,0.33447757991847243,0.6875
C337,Other,,Tier 1,699530.0,Platinum,22.0,370.0,3.0,9.0,26.0,No,0.26811100992664433,0.06286204677107916,0.0625
C338,Male,33.0,Tier 2,508877.0,Gold,24.0,1051.0,3.0,18.0,25.0,No,0.17318476643233804,0.20896803261102767,0.34375
C339,Female,42.0,Tier 3,381098.0,Gold,17.0,888.0,2.0,36.0,35.0,No,0.10956352539517127,0.173996996352714,0.90625
C340,Female,23.0,Tier 2,416730.0,Gold,13.0,1900.0,5.0,10.0,18.0,Yes,0.1273047196495975,0.3911177858828577,0.09375
C341,Other,19.0,Tier 3,662281.0,Silver,13.0,1708.0,4.0,36.0,13.0,Yes,0.24956471039860428,0.34992490881785027,0.90625
C342,Other,56.0,Tier 3,,,18.0,748.0,5.0,33.0,25.0,No,,0.14396052349281271,0.8125
C343,Female,23.0,Tier 1,487057.0,Silver,24.0,1395.0,5.0,21.0,,Yes,0.16232057529427169,0.28277193735249945,0.4375
C344,Male,46.0,,403344.0,Gold,5.0,1485.0,4.0,30.0,20.0,No,0.12063982218973697,0.3020810984767217,0.71875
C345,Female,50.0,Tier 3,521160.0,Silver,17.0,1050.0,4.0,26.0,24.0,No,0.17930047952806988,0.2087534863763141,0.59375
C346,Male,28.0,Tier 1,635315.0,Platinum,23.0,1377.0,3.0,20.0,25.0,Yes,0.2361383227620737,0.278910105127655,0.40625
C347,Other,31.0,Tier 3,506684.0,Silver,17.0,1663.0,,18.0,12.0,Yes,0.17209287041190818,0.3402703282557391,0.34375
C348,Male,39.0,Tier 3,420272.0,Gold,21.0,1446.0,5.0,8.0,30.0,Yes,0.12906828358227534,0.2937137953228921,0.03125
C349,Male,57.0,Tier 1,621172.0,Platinum,15.0,1076.0,5.0,11.0,23.0,Yes,0.22909651454641505,0.2143316884788672,0.125
C350,Male,46.0,Tier 1,589135.0,Platinum,17.0,699.0,5.0,32.0,28.0,No,0.2131452729565786,0.13344775799184724,0.78125
C351,Male,46.0,Tier 1,,Gold,9.0,,2.0,27.0,35.0,No,,,0.625
C352,Female,53.0,Tier 3,,Gold,8.0,1619.0,5.0,21.0,27.0,No,,0.33083029392834157,0.4375
C353,Male,20.0,Tier 2,465478.0,Platinum,21.0,636.0,,25.0,21.0,Yes,0.15157637820131414,0.11993134520489164,0.5625
C354,Other,21.0,Tier 2,,Platinum,22.0,1442.0,5.0,27.0,16.0,No,,0.29285561038403773,0.625
C355,Other,54.0,Tier 3,396348.0,Platinum,15.0,1901.0,4.0,35.0,15.0,No,0.11715650957736705,0.39133233211757135,0.875
C356,Other,51.0,Tier 3,300168.0,Gold,19.0,1878.0,5.0,11.0,34.0,Yes,0.06926842966631198,0.386397768719159,0.125
C357,Other,31.0,Tier 1,575322.0,Silver,7.0,1161.0,1.0,16.0,3.0,Yes,0.2062677719396166,0.23256811842952158,0.28125
C358,Other,44.0,Tier 2,484609.0,,6.0,1359.0,5.0,19.0,10.0,No,0.16110171462030348,0.27504827290281053,0.375
C359,Female,60.0,Tier 3,545483.0,Gold,14.0,1641.0,3.0,,21.0,Yes,0.19141091587322057,0.3355503110920403,
C360,Other,53.0,Tier 3,563707.0,Platinum,4.0,1260.0,1.0,33.0,30.0,No,0.20048465644609503,0.2538081956661661,0.8125
C361,Female,55.0,Tier 1,,Platinum,7.0,1177.0,2.0,16.0,12.0,No,,0.23600085818493888,0.28125
C362,Male,19.0,Tier 2,586936.0,Gold,,515.0,2.0,19.0,19.0,No,0.21205038953253608,0.09397125080454838,0.375
C363,Other,44.0,Tier 1,388217.0,Gold,7.0,1497.0,3.0,34.0,15.0,Yes,0.11310807978160088,0.3046556532932847,0.84375
C364,Female,52.0,Tier 1,570503.0,Gold,23.0,,4.0,28.0,24.0,Yes,0.2038683889380427,,0.65625
C365,Other,50.0,Tier 1,552212.0,Gold,21.0,1339.0,5.0,28.0,18.0,No,0.1947612890248268,0.2707573482085389,0.65625
C366,Female,33.0,Tier 2,485228.0,Silver,4.0,,2.0,29.0,27.0,Yes,0.16140991509301034,,0.6875
C367,Other,19.0,Tier 3,456603.0,Gold,9.0,548.0,1.0,,3.0,No,0.1471575103575773,0.10105127655009653,
C368,Male,23.0,Tier 3,616223.0,Gold,19.0,2002.0,2.0,10.0,34.0,Yes,0.22663240446656674,0.413001501823643,0.09375
C369,Other,54.0,Tier 3,636110.0,Silver,11.0,1012.0,1.0,24.0,,No,0.2365341537407521,0.20060072945719803,0.53125
C370,Other,59.0,Tier 2,613232.0,Platinum,20.0,1848.0,3.0,,14.0,Yes,0.22514318376565212,0.37996138167775156,
C371,Other,32.0,Tier 2,738459.0,Gold,,,3.0,22.0,23.0,No,0.28749378246623114,,0.46875
C372,Other,33.0,Tier 3,611235.0,Platinum,5.0,1136.0,,8.0,29.0,Yes,0.22414887626323604,0.22720446256168203,0.03125
C373,Other,21.0,Tier 2,646791.0,Platinum,18.0,1353.0,5.0,28.0,31.0,Yes,0.24185223007190182,0.2737609954945291,0.65625
C374,Male,,Tier 3,265633.0,Platinum,15.0,1060.0,2.0,11.0,29.0,No,0.052073432372401765,0.2108989487234499,0.125
C375,Female,55.0,Tier 1,573827.0,Gold,25.0,626.0,5.0,13.0,14.0,No,0.20552341053946038,0.11778588285775583,0.1875
C376,Male,60.0,Tier 3,619722.0,Platinum,13.0,590.0,1.0,27.0,16.0,Yes,0.22837455867335382,0.11006221840806692,0.625
C377,Male,48.0,Tier 2,454187.0,Silver,4.0,1736.0,5.0,7.0,20.0,No,0.14595458250287663,0.3559322033898305,0.0
C378,Other,29.0,Tier 3,443946.0,Gold,40.0,1429.0,3.0,14.0,25.0,No,0.14085558243665586,0.29006650933276124,0.21875
C379,Other,22.0,Tier 1,339571.0,Gold,24.0,2032.0,2.0,11.0,5.0,No,0.08888720709129953,0.4194378888650504,0.125
C380,Male,50.0,Tier 2,513453.0,Platinum,16.0,1238.0,4.0,29.0,32.0,No,0.1754631595875989,0.24908817850246728,0.6875
C381,Female,35.0,Tier 3,,Silver,11.0,1443.0,5.0,15.0,10.0,No,,0.29307015661875135,0.25
C382,Female,51.0,,367698.0,Gold,19.0,1197.0,2.0,35.0,34.0,Yes,0.1028916573268812,0.2402917828792105,0.875
C383,Female,32.0,Tier 1,470947.0,Platinum,25.0,524.0,2.0,30.0,,No,0.15429939659426029,0.0959021669169706,0.71875
C384,Female,40.0,Tier 2,668454.0,Silver,8.0,1059.0,2.0,32.0,31.0,No,0.2526382508154367,0.21068440248873632,0.78125
C385,Female,23.0,Tier 1,579102.0,Gold,15.0,1271.0,1.0,18.0,28.0,No,0.2081498362155969,0.25616820424801545,0.34375
C386,Other,52.0,,509817.0,Silver,22.0,1990.0,4.0,,26.0,Yes,0.1736527929983226,0.41042694700708005,
C387,Female,54.0,Tier 3,544328.0,Platinum,23.0,,4.0,28.0,31.0,Yes,0.19083584067778214,,0.65625
C388,Male,38.0,Tier 2,501954.0,Gold,10.0,1399.0,4.0,16.0,34.0,No,0.16973780056392224,0.28363012229135376,0.28125
C389,Female,,Tier 1,613911.0,Silver,19.0,764.0,3.0,18.0,21.0,Yes,0.22548125827448562,0.14739326324823,0.34375
C390,Female,33.0,Tier 3,661537.0,Silver,5.0,494.0,5.0,29.0,15.0,No,0.24919427235063357,0.08946577987556317,0.6875
C391,Other,25.0,Tier 1,687296.0,Gold,,672.0,4.0,34.0,,Yes,0.2620196939604159,0.12765500965458057,0.84375
C392,Other,26.0,Tier 3,522850.0,Platinum,8.0,1625.0,1.0,10.0,27.0,Yes,0.1801419315456378,0.33211757133662306,0.09375
C393,Other,35.0,Tier 2,564352.0,Platinum,24.0,1526.0,1.0,8.0,5.0,Yes,0.20080580233445677,0.31087749409997856,0.03125
C394,Male,41.0,Tier 1,624239.0,Gold,6.0,1714.0,2.0,23.0,22.0,Yes,0.23062357569309005,0.3512121862261317,0.5
C395,Other,31.0,Tier 2,677465.0,Gold,40.0,1018.0,1.0,26.0,6.0,No,0.2571248331410607,0.2018880068654795,0.59375
C396,Female,56.0,Tier 1,625952.0,Platinum,23.0,589.0,2.0,35.0,32.0,Yes,0.23147647942450655,0.10984767217335335,0.875
C397,Other,55.0,Tier 3,543051.0,Silver,7.0,1527.0,5.0,22.0,11.0,Yes,0.1902000216088861,0.3110920403346921,0.46875
C398,Male,56.0,Tier 2,566061.0,Platinum,17.0,,3.0,8.0,17.0,Yes,0.20165671446346478,,0.03125
C399,Other,42.0,Tier 1,1957345.0,Silver,8.0,1651.0,5.0,14.0,29.0,No,0.894377855771141,0.3376957734391761,0.21875
C400,Male,30.0,Tier 1,540350.0,Platinum,19.0,1013.0,2.0,26.0,11.0,No,0.18885519208258378,0.2008152756919116,0.59375
C401,Male,42.0,Tier 1,656382.0,Silver,16.0,637.0,5.0,29.0,11.0,Yes,0.24662759474675033,0.12014589143960523,0.6875
C402,Male,50.0,Tier 2,610124.0,Platinum,24.0,783.0,1.0,13.0,18.0,No,0.22359570869429052,0.15146964170778804,0.1875
C403,Other,49.0,Tier 2,703351.0,Platinum,15.0,1095.0,2.0,28.0,17.0,Yes,0.2700134881273112,0.21840806693842524,0.65625
C404,Male,25.0,Tier 3,566198.0,Silver,17.0,1365.0,5.0,19.0,28.0,Yes,0.20172492684595406,0.276335550311092,0.375
C405,Male,58.0,Tier 2,318437.0,Platinum,9.0,,4.0,30.0,13.0,Yes,0.07836457576628149,,0.71875
C406,Male,49.0,Tier 1,673821.0,Silver,10.0,605.0,5.0,9.0,26.0,Yes,0.2553104833469675,0.11328041192877066,0.0625
C407,Female,19.0,Tier 2,,Gold,39.0,1555.0,1.0,31.0,33.0,No,,0.31709933490667236,0.75
C408,Other,45.0,Tier 3,559874.0,Gold,5.0,1626.0,1.0,30.0,,Yes,0.19857620343820281,0.3323321175713366,0.71875
C409,Other,35.0,Tier 1,487925.0,Gold,4.0,1763.0,1.0,32.0,30.0,No,0.16275275301690423,0.3617249517270972,0.78125
C410,Female,57.0,Tier 2,825867.0,Platinum,16.0,1054.0,5.0,29.0,10.0,Yes,0.33101427829556673,0.20961167131516842,0.6875
C411,Female,53.0,Tier 2,496539.0,Platinum,9.0,1781.0,4.0,36.0,26.0,Yes,0.16704166880349008,0.36558678395194166,0.90625
C412,Other,34.0,Tier 3,739548.0,Platinum,14.0,990.0,,36.0,26.0,No,0.2880359962219302,0.19588071229349927,0.90625
C413,Male,32.0,Tier 2,499577.0,Silver,15.0,1087.0,1.0,13.0,29.0,No,0.1685542908327039,0.2166916970607166,0.1875
C414,Other,26.0,Tier 3,,Gold,13.0,832.0,5.0,34.0,4.0,No,,0.16198240720875348,0.84375
C415,Other,25.0,Tier 3,429503.0,Gold,14.0,892.0,2.0,34.0,33.0,No,0.13366440404036384,0.17485518129156832,0.84375
C416,Other,28.0,Tier 3,545837.0,Gold,20.0,1293.0,5.0,31.0,5.0,No,0.19158717268636793,0.26088822141171425,0.75
C417,Female,59.0,Tier 1,736060.0,Silver,,800.0,2.0,28.0,5.0,No,0.28629931892176635,0.1551169276979189,0.65625
C418,Male,21.0,Tier 3,668118.0,Platinum,7.0,1114.0,2.0,29.0,7.0,No,0.2524709562131274,0.22248444539798326,0.6875
C419,Female,58.0,,544064.0,Platinum,4.0,1469.0,1.0,22.0,29.0,Yes,0.1907043949188248,0.29864835872130446,0.46875
C420,Male,38.0,Tier 3,,Platinum,20.0,1352.0,1.0,28.0,13.0,Yes,,0.27354644925981547,0.65625
C421,Male,53.0,Tier 2,569974.0,Silver,5.0,1396.0,5.0,,21.0,No,0.20360499951952593,0.28298648358721307,
C422,Other,52.0,Tier 3,584700.0,Gold,7.0,,2.0,11.0,15.0,No,0.2109370837862154,,0.125
C423,Male,57.0,Tier 3,473471.0,Gold,25.0,987.0,1.0,27.0,14.0,Yes,0.15555609771398898,0.19523707358935852,0.625
C424,Female,27.0,Tier 2,475223.0,Gold,21.0,977.0,3.0,32.0,2.0,Yes,0.1564284195688878,0.1930916112422227,0.78125
C425,Female,24.0,Tier 1,473513.0,Gold,22.0,1675.0,1.0,19.0,27.0,Yes,0.15557700953927767,0.3428448830723021,0.375
C426,Female,18.0,Tier 3,720460.0,Platinum,24.0,971.0,5.0,21.0,31.0,No,0.2785320695288317,0.19180433383394122,0.4375
C427,Female,51.0,Tier 1,450117.0,Gold,,1388.0,2.0,16.0,33.0,Yes,0.14392812705228403,0.2812701137095044,0.28125
C428,Female,50.0,Tier 1,483733.0,Platinum,23.0,,4.0,14.0,35.0,Yes,0.16066555369285407,,0.21875
C429,Other,46.0,Tier 3,574350.0,Silver,20.0,593.0,2.0,36.0,9.0,No,0.2057838125543645,0.11070585711220766,0.90625
C430,Female,34.0,Tier 3,735700.0,Platinum,18.0,,1.0,18.0,24.0,Yes,0.28612007470500633,,0.34375
C431,Female,,Tier 2,476465.0,Silver,4.0,1044.0,4.0,35.0,19.0,No,0.1570468121167099,0.2074662089680326,0.875
C432,Other,46.0,Tier 2,2057173.0,Platinum,5.0,1333.0,1.0,22.0,19.0,No,0.9440822770786976,0.2694700708002575,0.46875
C433,Other,49.0,Tier 3,629025.0,Gold,16.0,2004.0,2.0,31.0,5.0,No,0.23300652797479426,0.41343059429307016,0.75
C434,Female,56.0,Tier 2,528766.0,Gold,20.0,880.0,3.0,33.0,32.0,Yes,0.18308751150772767,0.17228062647500536,0.8125
C435,Other,50.0,Tier 1,384481.0,Silver,12.0,907.0,5.0,19.0,21.0,Yes,0.11124792313211344,0.17807337481227206,0.375
C436,Male,39.0,Tier 1,546024.0,Gold,17.0,1917.0,,13.0,19.0,Yes,0.1916802800989627,0.39476507187298865,0.1875
C437,Female,29.0,Tier 2,487886.0,Silver,8.0,1289.0,5.0,27.0,26.0,Yes,0.1627333348934219,0.2600300364728599,0.625
C438,Male,58.0,,548029.0,Silver,,1675.0,4.0,30.0,10.0,No,0.19267857080619566,0.3428448830723021,0.71875
C439,Other,40.0,Tier 2,853231.0,Gold,20.0,987.0,2.0,8.0,14.0,No,0.3446388303717376,0.19523707358935852,0.03125
C440,Female,52.0,Tier 1,491267.0,Gold,,1617.0,1.0,21.0,35.0,Yes,0.16441673682915986,0.3304012014589144,0.4375
C441,Female,35.0,Tier 1,631826.0,Platinum,8.0,1938.0,2.0,,24.0,No,0.23440114756130775,0.3992705428019738,
C442,Female,23.0,Tier 3,620071.0,Gold,4.0,1056.0,2.0,39.0,26.0,No,0.22854832598349062,0.21004076378459557,1.0
C443,Other,58.0,Tier 1,620878.0,Platinum,16.0,1643.0,3.0,22.0,13.0,Yes,0.22895013176939433,0.3359794035614675,0.46875
C444,Male,54.0,Tier 3,648457.0,Silver,,1402.0,4.0,30.0,2.0,No,0.24268173247501906,0.2842737609954945,0.71875
C445,Female,19.0,Tier 1,,Silver,24.0,,1.0,34.0,14.0,No,,,0.84375
C446,Male,37.0,Tier 1,715859.0,Platinum,7.0,1459.0,4.0,7.0,26.0,No,0.27624122885851804,0.29650289637416866,0.0
C447,Male,42.0,Tier 3,529945.0,Silver,13.0,1258.0,1.0,12.0,23.0,No,0.18367453631761677,0.2533791031967389,0.15625
C448,Male,60.0,Tier 3,694781.0,Gold,6.0,873.0,2.0,30.0,32.0,Yes,0.26574647996721823,0.1707788028320103,0.71875
C449,Other,45.0,Tier 2,594240.0,Gold,19.0,1042.0,3.0,36.0,28.0,No,0.21568705553035628,0.20703711649860546,0.90625
C450,Other,52.0,Tier 2,553449.0,Platinum,6.0,81.0,1.0,11.0,5.0,No,0.19537719206963838,0.0008581849388543221,0.125
C451,Male,36.0,Tier 3,703414.0,Silver,8.0,1527.0,,,12.0,No,0.2700448558652442,0.3110920403346921,
C452,Male,23.0,Tier 1,371272.0,Silver,20.0,1209.0,3.0,7.0,11.0,Yes,0.10467115407882664,0.24286633769577343,0.0
C453,Other,29.0,Tier 1,560794.0,Gold,22.0,1501.0,2.0,19.0,10.0,No,0.19903427199214513,0.305513838232139,0.375
C454,Other,21.0,Tier 1,387970.0,Silver,14.0,1798.0,1.0,13.0,8.0,No,0.11298509833287941,0.36923406994207253,0.1875
C455,Male,33.0,Tier 3,,Gold,5.0,1306.0,1.0,,7.0,Yes,,0.26367732246299075,
C456,Female,36.0,Tier 3,501834.0,Silver,17.0,1415.0,,22.0,4.0,Yes,0.1696780524916689,0.28706286204677106,0.46875
C457,Other,47.0,Tier 3,555754.0,Platinum,9.0,1683.0,5.0,17.0,10.0,No,0.19652485295750466,0.3445612529500107,0.3125
C458,Other,45.0,Tier 3,377020.0,Platinum,22.0,1270.0,2.0,34.0,7.0,No,0.1075330867397618,0.2559536580133019,0.84375
C459,Female,28.0,Tier 1,599021.0,Silver,12.0,1125.0,4.0,10.0,33.0,No,0.2180675183090499,0.22484445397983266,0.09375
C460,Female,44.0,Tier 3,501440.0,Gold,20.0,1054.0,1.0,30.0,2.0,Yes,0.16948187965443706,0.20961167131516842,0.71875
C461,Female,42.0,Tier 2,570956.0,Platinum,24.0,476.0,2.0,36.0,29.0,No,0.2040939379107991,0.08560394765071873,0.90625
C462,Male,38.0,Tier 3,665801.0,Gold,19.0,1007.0,5.0,32.0,29.0,Yes,0.2513173205180357,0.19952799828363013,0.78125
C463,Male,31.0,Tier 3,565336.0,Silver,13.0,1346.0,2.0,,29.0,No,0.20129573652693417,0.27225917185153403,
C464,Male,30.0,Tier 2,486903.0,Platinum,22.0,171.0,5.0,25.0,22.0,No,0.1622438986015466,0.020167346063076592,0.5625
C465,Male,27.0,Tier 1,737862.0,Platinum,4.0,1173.0,4.0,8.0,14.0,Yes,0.28719653580677074,0.2351426732460845,0.03125
C466,Other,42.0,Tier 1,483376.0,Silver,13.0,1952.0,4.0,20.0,29.0,No,0.1604878031779004,0.40227419008796395,0.40625
C467,Male,29.0,Tier 2,376238.0,Gold,25.0,320.0,1.0,10.0,3.0,No,0.10714372846891083,0.05213473503540013,0.09375
C468,Male,49.0,Tier 3,602801.0,Platinum,17.0,999.0,1.0,10.0,31.0,No,0.21994958258503022,0.19781162840592148,0.09375
C469,Male,41.0,Tier 3,427452.0,Gold,,1483.0,5.0,17.0,29.0,No,0.13264320990543377,0.3016520060072946,0.3125
C470,Male,57.0,Tier 1,579256.0,Platinum,16.0,974.0,1.0,10.0,27.0,No,0.20822651290832206,0.19244797253808196,0.09375
C471,Other,28.0,Tier 1,,Platinum,21.0,1548.0,2.0,31.0,17.0,Yes,,0.3155975112636773,0.75
C472,Female,30.0,Tier 1,628024.0,Gold,8.0,1160.0,1.0,10.0,20.0,Yes,0.232508129472081,0.23235357219480798,0.09375
C473,Male,22.0,Tier 2,771596.0,Silver,,771.0,3.0,12.0,2.0,Yes,0.3039927147183899,0.14889508689122508,0.15625
C474,Male,39.0,Tier 2,,Platinum,10.0,923.0,2.0,35.0,22.0,Yes,,0.18150611456768934,0.875
C475,Other,26.0,Tier 2,544529.0,Platinum,19.0,1297.0,3.0,35.0,27.0,No,0.1909359186988065,0.26174640635056856,0.875
C476,Male,31.0,Tier 2,521051.0,Gold,23.0,1340.0,1.0,23.0,28.0,No,0.17924620836243976,0.27097189444325254,0.5
C477,Female,19.0,Tier 2,399815.0,Silver,14.0,,3.0,17.0,6.0,Yes,0.11888273096488657,,0.3125
C478,Other,31.0,Tier 2,540141.0,Platinum,17.0,1646.0,2.0,,19.0,Yes,0.18875113085674255,0.33662304226560824,
C479,Female,28.0,Tier 3,591127.0,Platinum,4.0,1382.0,,,3.0,Yes,0.2141370909559841,0.2799828363012229,
C480,Female,37.0,Tier 2,618372.0,Platinum,18.0,1379.0,3.0,,2.0,No,0.2277023928605037,0.27933919759708215,
C481,Other,45.0,Tier 1,627126.0,Platinum,5.0,1731.0,3.0,26.0,26.0,Yes,0.23206101473138513,0.3548594722162626,0.59375
C482,Male,55.0,Tier 1,573582.0,Gold,20.0,1483.0,3.0,14.0,20.0,No,0.20540142489194313,0.3016520060072946,0.21875
C483,Other,33.0,Tier 3,,Gold,33.0,1776.0,3.0,23.0,22.0,No,,0.36451405277837373,0.5
C484,Other,47.0,Tier 3,468832.0,Gold,20.0,,4.0,34.0,8.0,Yes,0.15324633682079514,,0.84375
C485,Other,25.0,Tier 2,1991968.0,Gold,21.0,627.0,5.0,21.0,8.0,No,0.911616668318037,0.11800042909246942,0.4375
C486,Other,45.0,Tier 1,565372.0,Gold,5.0,927.0,1.0,,8.0,No,0.2013136609486102,0.18236429950654368,
C487,Female,43.0,Tier 3,650877.0,Silver,13.0,,2.0,22.0,17.0,Yes,0.24388665193212816,,0.46875
C488,Male,29.0,Tier 2,1910763.0,,6.0,,3.0,22.0,32.0,Yes,0.8711846499235972,,0.46875
C489,Other,36.0,Tier 3,495723.0,Silver,18.0,230.0,4.0,33.0,23.0,No,0.16663538191216737,0.03282557391117785,0.8125
C490,Male,35.0,Tier 3,359931.0,Silver,,1504.0,4.0,13.0,26.0,No,0.09902446335028355,0.30615747693627976,0.1875
C491,Other,52.0,Tier 2,644296.0,Platinum,22.0,1370.0,1.0,33.0,29.0,No,0.24060996806963436,0.27740828148465996,0.8125
C492,Female,25.0,Tier 2,433962.0,Platinum,25.0,,,16.0,9.0,No,0.13588454282517765,,0.28125
C493,Male,45.0,,549567.0,Platinum,8.0,736.0,2.0,16.0,32.0,Yes,0.1934443419322427,0.14138596867624972,0.28125
C494,Other,58.0,Tier 2,730407.0,Gold,17.0,1550.0,2.0,13.0,7.0,No,0.2834846868180318,0.3160266037331045,0.1875
C495,Other,29.0,Tier 2,523484.0,Platinum,18.0,1210.0,,31.0,10.0,No,0.1804576005273763,0.24308088393048705,0.75
C496,Male,55.0,Tier 1,575005.0,Silver,16.0,383.0,5.0,8.0,8.0,Yes,0.20610993744874734,0.06565114782235572,0.03125
C497,Female,54.0,Tier 2,520338.0,Platinum,10.0,927.0,2.0,34.0,21.0,Yes,0.1788912052331345,0.18236429950654368,0.84375
C498,Female,57.0,Tier 1,429805.0,Platinum,,1087.0,1.0,12.0,18.0,No,0.13381477002220138,0.2166916970607166,0.15625
C499,Other,57.0,Tier 1,765722.0,Platinum,21.0,1456.0,1.0,28.0,26.0,Yes,0.30106804658158876,0.2958592576700279,0.65625
C500,Female,44.0,,481458.0,Silver,24.0,,3.0,30.0,2.0,No,0.15953282982305111,,0.71875
