CustomerID,Gender,Age,CityTier,AnnualIncome,MembershipLevel,TotalTransactions,AvgTransactionValue,SatisfactionScore,LoginFrequency,CartAbandonRate,IsChurned,TotalSpend,AgeGroup,MonthlyTransactionRate,CustomerScore
C001,Other,2.0,Tier 2,609605.0,Platinum,,1144.0,,27.0,28.0,0,,Child,,
C002,Male,28.0,Tier 2,627722.0,Silver,15.0,1809.0,5.0,9.0,25.0,1,27135.0,Young Adults,6.666666666666667,5427.0
C003,Male,60.0,Tier 2,521901.0,Gold,15.0,1106.0,1.0,30.0,31.0,1,16590.0,Old,2.0,535.1612903225806
C004,Other,38.0,Tier 1,739505.0,Gold,22.0,1506.0,4.0,11.0,17.0,0,33132.0,Mid-Age Adults,8.0,7795.764705882353
C005,Other,55.0,Tier 3,493663.0,Platinum,7.0,1417.0,,21.0,2.0,1,9919.0,Old,1.3333333333333333,
C006,Other,52.0,Tier 3,494389.0,Silver,12.0,1013.0,1.0,27.0,14.0,1,12156.0,Old,1.7777777777777777,868.2857142857143
C007,Other,51.0,Tier 3,2048392.0,Gold,22.0,434.0,1.0,11.0,32.0,1,9548.0,Old,8.0,298.375
C008,Female,51.0,Tier 2,343009.0,Platinum,25.0,975.0,1.0,7.0,16.0,1,24375.0,Old,14.285714285714286,1523.4375
C009,Male,58.0,Tier 1,,Silver,21.0,1325.0,4.0,20.0,8.0,0,27825.0,Old,4.2,13912.5
C010,Female,44.0,,441037.0,Silver,7.0,635.0,4.0,34.0,30.0,1,4445.0,Mid-Age Adults,0.8235294117647058,592.6666666666666
C011,Male,59.0,Tier 1,725877.0,Silver,16.0,,4.0,21.0,33.0,0,,Old,3.0476190476190474,
C012,Male,21.0,Tier 3,,Gold,,630.0,1.0,14.0,17.0,1,,Young,,
C013,Other,23.0,Tier 3,484674.0,Platinum,16.0,1244.0,,25.0,6.0,0,19904.0,Young,2.56,
C014,Male,40.0,Tier 1,411880.0,Platinum,24.0,1350.0,1.0,10.0,11.0,1,32400.0,Mid-Age Adults,9.6,2945.4545454545455
C015,Other,39.0,Tier 3,477923.0,Silver,,1083.0,3.0,29.0,2.0,1,,Mid-Age Adults,,
C016,Other,20.0,Tier 3,,Gold,5.0,1940.0,1.0,34.0,11.0,1,9700.0,Young,0.5882352941176471,881.8181818181819
C017,Male,29.0,Tier 1,548380.0,Gold,11.0,776.0,1.0,33.0,24.0,1,8536.0,Young Adults,1.3333333333333333,355.6666666666667
C018,Male,19.0,Tier 2,648705.0,Gold,25.0,711.0,1.0,25.0,18.0,0,17775.0,Young,4.0,987.5
C019,Female,38.0,Tier 3,575063.0,Silver,38.0,416.0,2.0,28.0,22.0,1,15808.0,Mid-Age Adults,5.428571428571429,1437.090909090909
C020,Other,37.0,Tier 3,390617.0,Silver,16.0,1278.0,3.0,16.0,29.0,0,20448.0,Mid-Age Adults,4.0,2115.310344827586
C021,Female,46.0,Tier 1,638615.0,Platinum,20.0,1268.0,2.0,13.0,4.0,0,25360.0,Old,6.153846153846154,12680.0
C022,Other,22.0,Tier 3,536122.0,Gold,4.0,1079.0,4.0,29.0,5.0,1,4316.0,Young,0.5517241379310345,3452.8
C023,Female,26.0,Tier 3,372577.0,Gold,20.0,912.0,2.0,15.0,19.0,0,18240.0,Young Adults,5.333333333333333,1920.0
C024,Other,33.0,Tier 1,494723.0,Platinum,16.0,,4.0,8.0,28.0,1,,Young Adults,8.0,
C025,Other,42.0,Tier 2,591234.0,Gold,23.0,494.0,,28.0,12.0,1,11362.0,Mid-Age Adults,3.2857142857142856,
C026,Other,52.0,Tier 2,588890.0,Gold,5.0,1045.0,3.0,31.0,28.0,1,5225.0,Old,0.6451612903225806,559.8214285714286
C027,Female,19.0,Tier 1,468769.0,Platinum,11.0,77.0,2.0,13.0,18.0,1,847.0,Young,3.3846153846153846,94.11111111111111
C028,Other,56.0,Tier 3,623401.0,Silver,22.0,1432.0,2.0,27.0,21.0,1,31504.0,Old,3.259259259259259,3000.3809523809523
C029,Other,20.0,Tier 2,656529.0,Silver,7.0,1557.0,4.0,30.0,19.0,0,10899.0,Young,0.9333333333333333,2294.5263157894738
C030,Female,45.0,Tier 3,640599.0,Silver,18.0,1117.0,4.0,13.0,18.0,0,20106.0,Mid-Age Adults,5.538461538461538,4468.0
C031,Other,18.0,Tier 1,475182.0,Silver,19.0,623.0,4.0,25.0,35.0,0,11837.0,Young,3.04,1352.8
C032,Female,47.0,Tier 2,589751.0,Platinum,9.0,1590.0,5.0,16.0,14.0,0,14310.0,Old,2.25,5110.714285714285
C033,Male,,Tier 3,,Gold,19.0,1589.0,4.0,8.0,32.0,1,30191.0,Old,9.5,3773.875
C034,Female,49.0,Tier 3,527720.0,Gold,21.0,1671.0,2.0,36.0,29.0,1,35091.0,Old,2.3333333333333335,2420.0689655172414
C035,Other,24.0,Tier 1,442215.0,Silver,4.0,1533.0,1.0,29.0,6.0,0,6132.0,Young,0.5517241379310345,1022.0
C036,Other,55.0,Tier 1,585587.0,Gold,9.0,784.0,3.0,16.0,19.0,0,7056.0,Old,2.25,1114.1052631578948
C037,Female,23.0,Tier 2,,Silver,22.0,3580.0,3.0,12.0,30.0,1,78760.0,Young,7.333333333333333,7876.0
C038,Other,45.0,Tier 2,593367.0,Gold,14.0,1815.0,4.0,21.0,18.0,0,25410.0,Mid-Age Adults,2.6666666666666665,5646.666666666667
C039,Other,18.0,Tier 3,545700.0,Platinum,5.0,1825.0,4.0,7.0,17.0,0,9125.0,Young,2.857142857142857,2147.0588235294117
C040,Other,18.0,Tier 1,235630.0,Silver,13.0,1528.0,4.0,19.0,34.0,1,19864.0,Young,2.736842105263158,2336.9411764705883
C041,Male,35.0,Tier 2,560445.0,Silver,22.0,1080.0,4.0,24.0,26.0,0,23760.0,Young Adults,3.6666666666666665,3655.3846153846152
C042,Male,33.0,Tier 1,561011.0,Gold,16.0,404.0,2.0,23.0,23.0,0,6464.0,Young Adults,2.782608695652174,562.0869565217391
C043,Male,51.0,Tier 1,523639.0,Silver,12.0,1342.0,3.0,19.0,33.0,1,16104.0,Old,2.526315789473684,1464.0
C044,Other,22.0,Tier 3,727347.0,Gold,7.0,992.0,1.0,18.0,11.0,0,6944.0,Young,1.5555555555555556,631.2727272727273
C045,Other,29.0,Tier 1,452980.0,Gold,18.0,999.0,4.0,,24.0,0,17982.0,Young Adults,,2997.0
C046,Other,45.0,Tier 2,659848.0,Gold,15.0,1331.0,4.0,28.0,5.0,0,19965.0,Mid-Age Adults,2.142857142857143,15972.0
C047,Female,32.0,Tier 2,486428.0,Platinum,8.0,1405.0,3.0,18.0,7.0,0,11240.0,Young Adults,1.7777777777777777,4817.142857142857
C048,Other,44.0,Tier 1,561649.0,Platinum,12.0,1587.0,3.0,10.0,6.0,1,19044.0,Mid-Age Adults,4.8,9522.0
C049,Other,43.0,Tier 3,,Platinum,25.0,1068.0,3.0,7.0,22.0,1,26700.0,Mid-Age Adults,14.285714285714286,3640.909090909091
C050,Other,22.0,Tier 2,502947.0,Silver,19.0,614.0,4.0,30.0,28.0,1,11666.0,Young,2.533333333333333,1666.5714285714287
C051,Female,59.0,Tier 2,585534.0,Platinum,11.0,1304.0,5.0,8.0,14.0,0,14344.0,Old,5.5,5122.857142857143
C052,Male,60.0,Tier 3,2001022.0,Silver,,1106.0,2.0,31.0,2.0,1,,Old,,
C053,Male,52.0,Tier 1,380155.0,Gold,,1031.0,4.0,22.0,25.0,1,,Old,,
C054,Female,50.0,,508874.0,Platinum,,879.0,1.0,9.0,22.0,1,,Old,,
C055,Male,35.0,Tier 3,530645.0,Platinum,17.0,1361.0,5.0,21.0,28.0,0,23137.0,Young Adults,3.238095238095238,4131.607142857143
C056,Female,44.0,Tier 2,776342.0,Silver,6.0,1269.0,3.0,25.0,23.0,0,7614.0,Mid-Age Adults,0.96,993.1304347826087
C057,Female,60.0,Tier 2,580906.0,Platinum,20.0,1170.0,1.0,10.0,16.0,1,23400.0,Old,8.0,1462.5
C058,Other,60.0,,319747.0,Gold,8.0,1189.0,1.0,19.0,23.0,0,9512.0,Old,1.6842105263157894,413.5652173913044
C059,Other,38.0,Tier 3,557227.0,Platinum,18.0,2185.0,3.0,18.0,20.0,0,39330.0,Mid-Age Adults,4.0,5899.5
C060,Other,60.0,Tier 1,,Gold,12.0,1320.0,4.0,29.0,24.0,1,15840.0,Old,1.6551724137931034,2640.0
C061,Female,19.0,Tier 1,545834.0,Platinum,,732.0,5.0,18.0,8.0,0,,Young,,
C062,Other,23.0,Tier 2,687138.0,Silver,20.0,1500.0,2.0,13.0,11.0,1,30000.0,Young,6.153846153846154,5454.545454545455
C063,Male,58.0,Tier 3,644923.0,Platinum,14.0,836.0,1.0,32.0,5.0,1,11704.0,Old,1.75,2340.8
C064,Female,47.0,Tier 1,718335.0,Silver,18.0,639.0,1.0,27.0,32.0,1,11502.0,Old,2.6666666666666665,359.4375
C065,Female,24.0,Tier 2,620422.0,Silver,18.0,2076.0,3.0,28.0,23.0,1,37368.0,Young,2.5714285714285716,4874.086956521739
C066,Other,42.0,Tier 3,431135.0,Silver,8.0,973.0,4.0,9.0,26.0,0,7784.0,Mid-Age Adults,3.5555555555555554,1197.5384615384614
C067,Male,60.0,Tier 3,561958.0,Platinum,15.0,998.0,4.0,,8.0,1,14970.0,Old,,7485.0
C068,Other,39.0,Tier 3,363920.0,Platinum,9.0,1227.0,2.0,31.0,30.0,1,11043.0,Mid-Age Adults,1.1612903225806452,736.2
C069,Female,48.0,Tier 1,422523.0,Gold,20.0,1389.0,5.0,27.0,25.0,1,27780.0,Old,2.962962962962963,5556.0
C070,Other,51.0,Tier 2,439669.0,Platinum,11.0,1819.0,,14.0,7.0,1,20009.0,Old,3.142857142857143,
C071,Female,24.0,Tier 3,,Gold,19.0,,3.0,30.0,29.0,0,,Young,2.533333333333333,
C072,Male,37.0,Tier 1,511352.0,Silver,,1057.0,2.0,24.0,28.0,1,,Mid-Age Adults,,
C073,Other,41.0,Tier 3,616734.0,Silver,24.0,1617.0,3.0,30.0,8.0,0,38808.0,Mid-Age Adults,3.2,14553.0
C074,Male,20.0,Tier 2,613173.0,Gold,9.0,1745.0,,32.0,4.0,0,15705.0,Young,1.125,
C075,Other,43.0,Tier 3,854699.0,Gold,24.0,1070.0,4.0,19.0,13.0,0,25680.0,Mid-Age Adults,5.052631578947368,7901.538461538462
C076,Female,51.0,Tier 1,525295.0,Silver,6.0,623.0,4.0,,24.0,0,3738.0,Old,,623.0
C077,Female,58.0,Tier 1,692887.0,Platinum,8.0,1719.0,,18.0,4.0,0,13752.0,Old,1.7777777777777777,
C078,Female,41.0,Tier 1,445942.0,Platinum,4.0,1447.0,5.0,29.0,20.0,0,5788.0,Mid-Age Adults,0.5517241379310345,1447.0
C079,Male,25.0,Tier 1,696048.0,Silver,14.0,1290.0,3.0,29.0,13.0,1,18060.0,Young Adults,1.9310344827586208,4167.692307692308
C080,Male,30.0,Tier 1,2169480.0,Gold,8.0,1269.0,4.0,33.0,10.0,1,10152.0,Young Adults,0.9696969696969697,4060.8
C081,Female,47.0,Tier 2,403977.0,Platinum,17.0,1619.0,5.0,17.0,16.0,0,27523.0,Old,4.0,8600.9375
C082,Male,34.0,Tier 3,709012.0,Silver,22.0,1493.0,5.0,8.0,3.0,0,32846.0,Young Adults,11.0,54743.333333333336
C083,Other,31.0,Tier 2,435460.0,Platinum,19.0,899.0,4.0,21.0,31.0,1,17081.0,Young Adults,3.619047619047619,2204.0
C084,Female,38.0,Tier 2,414348.0,Platinum,7.0,1507.0,3.0,20.0,12.0,0,10549.0,Mid-Age Adults,1.4,2637.25
C085,Male,28.0,Tier 3,702206.0,Silver,11.0,,4.0,28.0,2.0,0,,Young Adults,1.5714285714285714,
C086,Male,34.0,Tier 2,662864.0,Silver,16.0,852.0,5.0,10.0,23.0,0,13632.0,Young Adults,6.4,2963.478260869565
C087,Male,30.0,Tier 2,567503.0,Gold,8.0,652.0,5.0,26.0,21.0,0,5216.0,Young Adults,1.2307692307692308,1241.904761904762
C088,Other,54.0,Tier 1,457386.0,Platinum,,1551.0,5.0,25.0,35.0,0,,Old,,
C089,Male,33.0,Tier 3,1952081.0,Silver,20.0,1683.0,1.0,24.0,32.0,0,33660.0,Young Adults,3.3333333333333335,1051.875
C090,Male,47.0,Tier 2,614555.0,Platinum,23.0,2293.0,3.0,16.0,15.0,0,52739.0,Old,5.75,10547.8
C091,Female,48.0,Tier 3,561251.0,Gold,15.0,637.0,3.0,36.0,18.0,1,9555.0,Old,1.6666666666666667,1592.5
C092,Male,52.0,Tier 3,545856.0,Platinum,20.0,814.0,3.0,31.0,12.0,0,16280.0,Old,2.5806451612903225,4070.0
C093,Female,59.0,Tier 2,667261.0,Silver,5.0,1216.0,2.0,33.0,33.0,0,6080.0,Old,0.6060606060606061,368.4848484848485
C094,Male,18.0,Tier 3,533527.0,Platinum,8.0,1150.0,1.0,27.0,,0,9200.0,Young,1.1851851851851851,
C095,Female,54.0,Tier 1,638840.0,Gold,25.0,1019.0,,21.0,23.0,1,25475.0,Old,4.761904761904762,
C096,Female,59.0,Tier 1,643245.0,Gold,13.0,1618.0,3.0,11.0,31.0,0,21034.0,Old,4.7272727272727275,2035.5483870967741
C097,Female,53.0,Tier 3,508942.0,Platinum,6.0,829.0,5.0,35.0,11.0,0,4974.0,Old,0.6857142857142857,2260.909090909091
C098,Male,31.0,Tier 2,488444.0,Gold,,1484.0,1.0,30.0,6.0,0,,Young Adults,,
C099,Other,22.0,Tier 1,561097.0,Silver,8.0,1452.0,4.0,21.0,26.0,1,11616.0,Young,1.5238095238095237,1787.076923076923
C100,Other,40.0,Tier 3,761552.0,Silver,18.0,1292.0,2.0,15.0,9.0,0,23256.0,Mid-Age Adults,4.8,5168.0
C101,Other,19.0,Tier 1,452927.0,Platinum,5.0,1622.0,1.0,14.0,22.0,0,8110.0,Young,1.4285714285714286,368.6363636363636
C102,Male,37.0,Tier 3,556163.0,Platinum,9.0,1548.0,3.0,32.0,28.0,0,13932.0,Mid-Age Adults,1.125,1492.7142857142858
C103,Female,29.0,Tier 2,677943.0,Silver,21.0,816.0,4.0,,30.0,1,17136.0,Young Adults,,2284.8
C104,Other,30.0,Tier 2,715840.0,Silver,25.0,1562.0,3.0,13.0,9.0,0,39050.0,Young Adults,7.6923076923076925,13016.666666666666
C105,Male,56.0,Tier 2,477531.0,Gold,13.0,1321.0,1.0,31.0,15.0,0,17173.0,Old,1.6774193548387097,1144.8666666666666
C106,Male,54.0,Tier 3,580864.0,Platinum,10.0,1209.0,4.0,17.0,33.0,0,12090.0,Old,2.3529411764705883,1465.4545454545455
C107,Female,28.0,Tier 2,654629.0,Platinum,,1774.0,1.0,33.0,6.0,1,,Young Adults,,
C108,Male,50.0,Tier 1,550876.0,Gold,38.0,3267.0,3.0,23.0,29.0,1,124146.0,Old,6.608695652173913,12842.689655172413
C109,Male,24.0,Tier 1,664480.0,Gold,16.0,1460.0,3.0,27.0,4.0,0,23360.0,Young,2.3703703703703702,17520.0
C110,Female,53.0,,512167.0,Gold,7.0,1503.0,5.0,9.0,19.0,1,10521.0,Old,3.111111111111111,2768.684210526316
C111,Male,,Tier 1,457260.0,Gold,22.0,1105.0,5.0,11.0,7.0,0,24310.0,Old,8.0,17364.285714285714
C112,Male,24.0,Tier 1,491756.0,Gold,24.0,1232.0,3.0,12.0,26.0,0,29568.0,Young,8.0,3411.6923076923076
C113,Male,22.0,Tier 1,827759.0,Gold,4.0,453.0,1.0,21.0,34.0,1,1812.0,Young,0.7619047619047619,53.294117647058826
C114,Male,40.0,Tier 3,632351.0,Gold,21.0,554.0,2.0,15.0,33.0,1,11634.0,Mid-Age Adults,5.6,705.0909090909091
C115,Female,35.0,Tier 2,493368.0,Platinum,10.0,,4.0,32.0,30.0,1,,Young Adults,1.25,
C116,Female,38.0,Tier 3,557713.0,Gold,19.0,768.0,3.0,10.0,14.0,1,14592.0,Mid-Age Adults,7.6,3126.8571428571427
C117,Other,53.0,Tier 3,464163.0,Gold,17.0,1471.0,3.0,32.0,30.0,0,25007.0,Old,2.125,2500.7
C118,Other,43.0,Tier 3,462356.0,Platinum,24.0,1286.0,3.0,25.0,27.0,0,30864.0,Mid-Age Adults,3.84,3429.3333333333335
C119,Female,,Tier 2,555468.0,Platinum,16.0,939.0,2.0,10.0,7.0,1,15024.0,Old,6.4,4292.571428571428
C120,Female,37.0,Tier 1,807273.0,Platinum,,,3.0,12.0,17.0,1,,Mid-Age Adults,,
C121,Female,53.0,Tier 2,306982.0,Platinum,23.0,1274.0,1.0,31.0,6.0,1,29302.0,Old,2.967741935483871,4883.666666666667
C122,Female,38.0,Tier 1,470585.0,Platinum,16.0,1540.0,5.0,32.0,7.0,0,24640.0,Mid-Age Adults,2.0,17600.0
C123,Male,33.0,Tier 1,454897.0,Platinum,9.0,1154.0,2.0,11.0,30.0,0,10386.0,Young Adults,3.272727272727273,692.4
C124,Male,49.0,Tier 2,610598.0,Platinum,18.0,,2.0,24.0,31.0,0,,Old,3.0,
C125,Other,50.0,Tier 1,405964.0,Platinum,18.0,1066.0,2.0,21.0,7.0,1,19188.0,Old,3.4285714285714284,5482.285714285715
C126,Male,31.0,Tier 3,493006.0,Gold,10.0,938.0,5.0,17.0,20.0,0,9380.0,Young Adults,2.3529411764705883,2345.0
C127,Other,24.0,Tier 2,761854.0,Silver,8.0,1361.0,4.0,15.0,26.0,1,10888.0,Young,2.1333333333333333,1675.076923076923
C128,Female,50.0,Tier 3,398693.0,Gold,6.0,1567.0,3.0,19.0,29.0,0,9402.0,Old,1.263157894736842,972.6206896551724
C129,Female,38.0,Tier 2,804658.0,Gold,5.0,1612.0,1.0,,29.0,1,8060.0,Mid-Age Adults,,277.9310344827586
C130,Other,37.0,Tier 2,367675.0,Platinum,16.0,1006.0,4.0,7.0,6.0,1,16096.0,Mid-Age Adults,9.142857142857142,10730.666666666666
C131,Other,,Tier 3,702029.0,Platinum,16.0,916.0,3.0,31.0,10.0,1,14656.0,Old,2.064516129032258,4396.8
C132,Male,51.0,Tier 3,603258.0,Platinum,23.0,1509.0,1.0,30.0,29.0,1,34707.0,Old,3.066666666666667,1196.7931034482758
C133,Male,35.0,Tier 1,438768.0,,13.0,1176.0,4.0,35.0,17.0,1,15288.0,Young Adults,1.4857142857142858,3597.176470588235
C134,Male,49.0,Tier 1,161047.0,Gold,22.0,790.0,4.0,7.0,2.0,1,17380.0,Old,12.571428571428571,34760.0
C135,Male,43.0,Tier 3,519691.0,Gold,23.0,,2.0,17.0,6.0,0,,Mid-Age Adults,5.411764705882353,
C136,Other,33.0,Tier 1,745889.0,Silver,9.0,627.0,2.0,23.0,18.0,1,5643.0,Young Adults,1.565217391304348,627.0
C137,Other,35.0,Tier 1,1911991.0,Gold,22.0,1252.0,1.0,18.0,8.0,1,27544.0,Young Adults,4.888888888888889,3443.0
C138,Male,,Tier 1,722952.0,Silver,5.0,625.0,4.0,36.0,19.0,0,3125.0,Old,0.5555555555555556,657.8947368421053
C139,Male,50.0,Tier 1,689579.0,Gold,13.0,1204.0,,25.0,17.0,0,15652.0,Old,2.08,
C140,Male,52.0,Tier 1,,Platinum,4.0,399.0,3.0,14.0,5.0,1,1596.0,Old,1.1428571428571428,957.6
C141,Other,35.0,Tier 1,605452.0,Gold,22.0,1119.0,1.0,28.0,17.0,0,24618.0,Young Adults,3.142857142857143,1448.1176470588234
C142,Female,38.0,Tier 2,557307.0,Platinum,18.0,1458.0,2.0,34.0,12.0,0,26244.0,Mid-Age Adults,2.1176470588235294,4374.0
C143,Other,56.0,Tier 2,565131.0,Gold,12.0,441.0,4.0,10.0,10.0,1,5292.0,Old,4.8,2116.8
C144,Male,26.0,Tier 2,703664.0,Platinum,,953.0,4.0,34.0,23.0,0,,Young Adults,,
C145,Male,28.0,Tier 2,,Platinum,9.0,1474.0,5.0,16.0,32.0,0,13266.0,Young Adults,2.25,2072.8125
C146,Female,26.0,Tier 3,558516.0,Platinum,15.0,1375.0,5.0,,,0,20625.0,Young Adults,,
C147,Male,48.0,Tier 3,536980.0,Platinum,5.0,1005.0,4.0,34.0,17.0,0,5025.0,Old,0.5882352941176471,1182.3529411764705
C148,Other,19.0,Tier 2,574911.0,Silver,19.0,,1.0,23.0,23.0,1,,Young,3.3043478260869565,
C149,Male,39.0,,494256.0,Silver,15.0,951.0,4.0,17.0,12.0,0,14265.0,Mid-Age Adults,3.5294117647058822,4755.0
C150,Other,49.0,Tier 1,507341.0,Platinum,22.0,1580.0,3.0,29.0,27.0,1,34760.0,Old,3.0344827586206895,3862.222222222222
C151,Male,56.0,Tier 3,724306.0,Silver,15.0,1344.0,1.0,30.0,,1,20160.0,Old,2.0,
C152,Male,22.0,Tier 1,619757.0,Gold,19.0,948.0,4.0,31.0,12.0,1,18012.0,Young,2.4516129032258065,6004.0
C153,Female,19.0,Tier 1,655210.0,Platinum,6.0,1420.0,1.0,26.0,12.0,0,8520.0,Young,0.9230769230769231,710.0
C154,Male,30.0,Tier 3,464784.0,Gold,16.0,484.0,,33.0,32.0,1,7744.0,Young Adults,1.9393939393939394,
C155,Male,28.0,Tier 1,403531.0,Gold,6.0,932.0,4.0,15.0,18.0,0,5592.0,Young Adults,1.6,1242.6666666666667
C156,Other,21.0,Tier 3,689432.0,Platinum,11.0,1821.0,4.0,36.0,17.0,1,20031.0,Young,1.2222222222222223,4713.176470588235
C157,Female,20.0,Tier 3,497257.0,Silver,9.0,1036.0,4.0,13.0,11.0,0,9324.0,Young,2.769230769230769,3390.5454545454545
C158,Female,22.0,Tier 3,581394.0,Gold,39.0,1204.0,2.0,31.0,8.0,1,46956.0,Young,5.032258064516129,11739.0
C159,Female,52.0,Tier 2,661712.0,,8.0,990.0,4.0,,32.0,0,7920.0,Old,,990.0
C160,Male,39.0,Tier 2,663897.0,Platinum,8.0,1104.0,3.0,27.0,30.0,0,8832.0,Mid-Age Adults,1.1851851851851851,883.2
C161,Other,49.0,Tier 2,652476.0,Gold,20.0,1091.0,2.0,,25.0,0,21820.0,Old,,1745.6
C162,Female,47.0,Tier 3,476428.0,Gold,19.0,1964.0,3.0,,5.0,1,37316.0,Old,,22389.6
C163,Male,59.0,Tier 1,,,24.0,483.0,5.0,29.0,29.0,0,11592.0,Old,3.310344827586207,1998.6206896551723
C164,Female,34.0,Tier 2,496387.0,,15.0,1681.0,1.0,15.0,19.0,0,25215.0,Young Adults,4.0,1327.1052631578948
C165,Male,27.0,Tier 1,406400.0,Platinum,8.0,1508.0,3.0,,14.0,1,12064.0,Young Adults,,2585.1428571428573
C166,Other,52.0,Tier 2,630046.0,Silver,9.0,920.0,5.0,28.0,7.0,1,8280.0,Old,1.2857142857142858,5914.285714285715
C167,Other,37.0,Tier 2,548941.0,Silver,22.0,363.0,2.0,19.0,28.0,1,7986.0,Mid-Age Adults,4.631578947368421,570.4285714285714
C168,Male,30.0,Tier 3,762451.0,Platinum,14.0,1076.0,1.0,31.0,12.0,1,15064.0,Young Adults,1.8064516129032258,1255.3333333333333
C169,Male,57.0,Tier 2,646457.0,Silver,4.0,1445.0,1.0,14.0,24.0,1,5780.0,Old,1.1428571428571428,240.83333333333334
C170,Female,50.0,Tier 1,712945.0,Gold,14.0,1026.0,4.0,36.0,,1,14364.0,Old,1.5555555555555556,
C171,Other,26.0,Tier 1,574458.0,Platinum,24.0,,1.0,,9.0,0,,Young Adults,,
C172,Male,53.0,Tier 3,654704.0,Gold,20.0,1661.0,1.0,16.0,8.0,1,33220.0,Old,5.0,4152.5
C173,Female,51.0,Tier 2,,Gold,19.0,4738.0,1.0,11.0,34.0,1,90022.0,Old,6.909090909090909,2647.705882352941
C174,Female,59.0,Tier 2,463786.0,Silver,25.0,1114.0,,27.0,24.0,0,27850.0,Old,3.7037037037037037,
C175,Other,23.0,Tier 2,587308.0,Gold,19.0,1790.0,1.0,34.0,28.0,0,34010.0,Young,2.235294117647059,1214.642857142857
C176,Other,46.0,Tier 2,652919.0,Platinum,19.0,,3.0,35.0,16.0,0,,Old,2.1714285714285713,
C177,Other,51.0,Tier 3,547718.0,Gold,8.0,798.0,,23.0,33.0,1,6384.0,Old,1.391304347826087,
C178,Female,38.0,,547778.0,Gold,18.0,1084.0,4.0,30.0,8.0,1,19512.0,Mid-Age Adults,2.4,9756.0
C179,Other,,Tier 1,588726.0,Platinum,18.0,,2.0,31.0,32.0,0,,Old,2.3225806451612905,
C180,Other,46.0,Tier 3,612321.0,Gold,,1813.0,4.0,13.0,27.0,1,,Old,,
C181,Other,39.0,,536948.0,Silver,25.0,1360.0,1.0,36.0,32.0,1,34000.0,Mid-Age Adults,2.7777777777777777,1062.5
C182,Other,55.0,Tier 1,632817.0,Gold,23.0,1039.0,3.0,11.0,34.0,0,23897.0,Old,8.363636363636363,2108.5588235294117
C183,Other,53.0,Tier 1,576891.0,Platinum,9.0,1205.0,1.0,25.0,28.0,0,10845.0,Old,1.44,387.32142857142856
C184,Female,18.0,Tier 1,,Gold,13.0,,3.0,18.0,8.0,1,,Young,2.888888888888889,
C185,Other,59.0,Tier 1,552941.0,Platinum,16.0,1399.0,,13.0,30.0,0,22384.0,Old,4.923076923076923,
C186,Other,52.0,Tier 1,724137.0,Silver,9.0,,3.0,25.0,2.0,1,,Old,1.44,
C187,Male,27.0,,808381.0,Platinum,21.0,893.0,2.0,32.0,28.0,0,18753.0,Young Adults,2.625,1339.5
C188,Male,40.0,Tier 1,654678.0,Platinum,,1273.0,5.0,8.0,22.0,1,,Mid-Age Adults,,
C189,Female,34.0,,812776.0,Platinum,5.0,876.0,1.0,31.0,2.0,1,4380.0,Young Adults,0.6451612903225806,2190.0
C190,Other,58.0,Tier 3,449233.0,Platinum,17.0,960.0,,8.0,5.0,0,16320.0,Old,8.5,
C191,Other,22.0,Tier 1,295132.0,Gold,40.0,2939.0,1.0,29.0,24.0,1,117560.0,Young,5.517241379310345,4898.333333333333
C192,Female,37.0,Tier 2,486909.0,,11.0,434.0,5.0,16.0,25.0,1,4774.0,Mid-Age Adults,2.75,954.8
C193,Other,53.0,,593497.0,Silver,15.0,1428.0,2.0,33.0,9.0,1,21420.0,Old,1.8181818181818181,4760.0
C194,Other,47.0,Tier 1,666462.0,Platinum,15.0,1496.0,,22.0,21.0,1,22440.0,Old,2.727272727272727,
C195,Other,54.0,Tier 2,727199.0,Silver,12.0,1480.0,4.0,16.0,8.0,1,17760.0,Old,3.0,8880.0
C196,Female,26.0,Tier 1,,Silver,,1170.0,5.0,15.0,32.0,1,,Young Adults,,
C197,Female,43.0,Tier 3,516133.0,Platinum,4.0,1318.0,5.0,11.0,13.0,1,5272.0,Mid-Age Adults,1.4545454545454546,2027.6923076923076
C198,Other,48.0,Tier 1,,Gold,20.0,1336.0,4.0,27.0,35.0,0,26720.0,Old,2.962962962962963,3053.714285714286
C199,Other,34.0,Tier 3,539630.0,Platinum,12.0,1310.0,3.0,32.0,2.0,1,15720.0,Young Adults,1.5,23580.0
C200,Female,28.0,Tier 3,583446.0,Gold,25.0,219.0,4.0,25.0,,1,5475.0,Young Adults,4.0,
C201,Male,54.0,Tier 1,441844.0,Silver,20.0,1156.0,1.0,33.0,7.0,0,23120.0,Old,2.4242424242424243,3302.8571428571427
C202,Female,28.0,Tier 2,543341.0,Silver,9.0,1303.0,,11.0,14.0,0,11727.0,Young Adults,3.272727272727273,
C203,Male,56.0,Tier 2,586281.0,Platinum,19.0,1806.0,1.0,27.0,28.0,1,34314.0,Old,2.814814814814815,1225.5
C204,Other,51.0,Tier 2,587495.0,Platinum,22.0,1074.0,2.0,26.0,28.0,1,23628.0,Old,3.3846153846153846,1687.7142857142858
C205,Other,18.0,Tier 1,358105.0,Gold,17.0,652.0,4.0,28.0,15.0,0,11084.0,Young,2.4285714285714284,2955.733333333333
C206,Male,41.0,Tier 2,614259.0,Platinum,25.0,1624.0,2.0,32.0,5.0,1,40600.0,Mid-Age Adults,3.125,16240.0
C207,Male,27.0,Tier 3,734964.0,Silver,16.0,868.0,,12.0,,0,13888.0,Young Adults,5.333333333333333,
C208,Male,20.0,Tier 3,513536.0,Silver,9.0,1296.0,4.0,7.0,6.0,0,11664.0,Young,5.142857142857143,7776.0
C209,Other,53.0,Tier 2,795687.0,Silver,4.0,1245.0,1.0,10.0,18.0,0,4980.0,Old,1.6,276.6666666666667
C210,Other,46.0,Tier 3,736151.0,Gold,4.0,1267.0,2.0,17.0,24.0,1,5068.0,Old,0.9411764705882353,422.3333333333333
C211,Other,34.0,Tier 1,688389.0,Platinum,15.0,1610.0,2.0,30.0,18.0,1,24150.0,Young Adults,2.0,2683.3333333333335
C212,Male,57.0,Tier 1,569930.0,Gold,21.0,791.0,3.0,35.0,19.0,0,16611.0,Old,2.4,2622.7894736842104
C213,Female,32.0,,517708.0,,25.0,1795.0,5.0,7.0,26.0,0,44875.0,Young Adults,14.285714285714286,8629.807692307691
C214,Female,57.0,Tier 1,655339.0,Platinum,17.0,1026.0,4.0,11.0,16.0,0,17442.0,Old,6.181818181818182,4360.5
C215,Male,53.0,Tier 2,508922.0,Gold,19.0,507.0,5.0,16.0,5.0,1,9633.0,Old,4.75,9633.0
C216,Male,31.0,Tier 2,723320.0,Gold,12.0,1554.0,5.0,27.0,20.0,0,18648.0,Young Adults,1.7777777777777777,4662.0
C217,Other,46.0,Tier 2,533550.0,Silver,17.0,1280.0,1.0,17.0,20.0,0,21760.0,Old,4.0,1088.0
C218,Female,46.0,Tier 2,289496.0,Silver,33.0,1005.0,1.0,,32.0,1,33165.0,Old,,1036.40625
C219,Female,51.0,Tier 1,710133.0,Gold,13.0,1592.0,,34.0,32.0,0,20696.0,Old,1.5294117647058822,
C220,Other,46.0,Tier 3,589684.0,Platinum,20.0,1194.0,4.0,21.0,28.0,0,23880.0,Old,3.8095238095238093,3411.4285714285716
C221,Male,18.0,Tier 1,,Gold,4.0,1087.0,1.0,35.0,27.0,0,4348.0,Young,0.45714285714285713,161.03703703703704
C222,Female,32.0,Tier 2,350236.0,Platinum,13.0,1197.0,2.0,16.0,31.0,0,15561.0,Young Adults,3.25,1003.9354838709677
C223,Other,57.0,,598374.0,Silver,8.0,1649.0,,20.0,33.0,0,13192.0,Old,1.6,
C224,Other,20.0,,,Gold,12.0,1150.0,2.0,14.0,4.0,1,13800.0,Young,3.4285714285714284,6900.0
C225,Other,60.0,Tier 2,540963.0,Silver,21.0,759.0,2.0,28.0,9.0,0,15939.0,Old,3.0,3542.0
C226,Female,18.0,Tier 2,608520.0,Silver,23.0,1498.0,4.0,36.0,5.0,1,34454.0,Young,2.5555555555555554,27563.2
C227,Other,52.0,Tier 1,515116.0,Platinum,18.0,2396.0,2.0,29.0,20.0,0,43128.0,Old,2.4827586206896552,4312.8
C228,Male,54.0,Tier 2,431712.0,Platinum,6.0,1401.0,5.0,34.0,13.0,0,8406.0,Old,0.7058823529411765,3233.076923076923
C229,Other,33.0,Tier 1,486369.0,Platinum,8.0,882.0,1.0,8.0,10.0,1,7056.0,Young Adults,4.0,705.6
C230,Male,24.0,,537156.0,Gold,,785.0,1.0,22.0,7.0,1,,Young,,
C231,Female,53.0,Tier 2,,Platinum,6.0,720.0,5.0,24.0,14.0,1,4320.0,Old,1.0,1542.857142857143
C232,Other,58.0,Tier 3,785767.0,Platinum,25.0,1214.0,5.0,12.0,30.0,0,30350.0,Old,8.333333333333334,5058.333333333333
C233,Other,38.0,Tier 2,466032.0,Platinum,16.0,1285.0,4.0,,20.0,1,20560.0,Mid-Age Adults,,4112.0
C234,Female,18.0,Tier 1,536520.0,Platinum,20.0,1111.0,1.0,15.0,17.0,0,22220.0,Young,5.333333333333333,1307.0588235294117
C235,Male,54.0,Tier 1,623700.0,Silver,22.0,1503.0,1.0,9.0,23.0,0,33066.0,Old,9.777777777777779,1437.6521739130435
C236,Female,25.0,Tier 1,486339.0,Platinum,13.0,969.0,3.0,8.0,27.0,1,12597.0,Young Adults,6.5,1399.6666666666667
C237,Male,45.0,Tier 2,516993.0,Platinum,6.0,279.0,2.0,19.0,14.0,1,1674.0,Mid-Age Adults,1.263157894736842,239.14285714285714
C238,Male,22.0,Tier 2,368177.0,Platinum,10.0,,3.0,33.0,30.0,0,,Young,1.2121212121212122,
C239,Male,32.0,Tier 2,747396.0,Platinum,8.0,,1.0,17.0,15.0,0,,Young Adults,1.8823529411764706,
C240,Other,48.0,Tier 1,619186.0,Platinum,5.0,1324.0,1.0,9.0,19.0,0,6620.0,Old,2.2222222222222223,348.42105263157896
C241,Male,19.0,Tier 3,919465.0,Platinum,23.0,1647.0,4.0,8.0,35.0,0,37881.0,Young,11.5,4329.257142857143
C242,Female,,Tier 3,534649.0,Platinum,12.0,817.0,1.0,14.0,27.0,1,9804.0,Old,3.4285714285714284,363.1111111111111
C243,Other,42.0,Tier 3,357226.0,Silver,13.0,1281.0,2.0,28.0,10.0,1,16653.0,Mid-Age Adults,1.8571428571428572,3330.6
C244,Female,27.0,Tier 3,459237.0,Platinum,8.0,631.0,4.0,30.0,19.0,1,5048.0,Young Adults,1.0666666666666667,1062.7368421052631
C245,Male,26.0,Tier 3,472411.0,Platinum,,767.0,5.0,12.0,33.0,1,,Young Adults,,
C246,Male,32.0,Tier 1,752456.0,Platinum,6.0,1552.0,5.0,21.0,29.0,1,9312.0,Young Adults,1.1428571428571428,1605.5172413793102
C247,Other,42.0,Tier 2,549043.0,Platinum,5.0,1791.0,1.0,24.0,4.0,1,8955.0,Mid-Age Adults,0.8333333333333334,2238.75
C248,Male,36.0,Tier 2,559284.0,Gold,20.0,855.0,1.0,31.0,10.0,0,17100.0,Mid-Age Adults,2.5806451612903225,1710.0
C249,Female,19.0,Tier 3,732774.0,Silver,9.0,1415.0,4.0,29.0,34.0,1,12735.0,Young,1.2413793103448276,1498.235294117647
C250,Female,53.0,Tier 1,425530.0,Silver,5.0,1123.0,4.0,35.0,,0,5615.0,Old,0.5714285714285714,
C251,Male,47.0,Tier 2,1824876.0,Silver,18.0,646.0,2.0,27.0,15.0,1,11628.0,Old,2.6666666666666665,1550.4
C252,Male,59.0,Tier 1,661141.0,Gold,7.0,1963.0,5.0,25.0,13.0,0,13741.0,Old,1.12,5285.0
C253,Male,23.0,Tier 2,,Gold,19.0,1425.0,5.0,13.0,8.0,1,27075.0,Young,5.846153846153846,16921.875
C254,Female,56.0,Tier 3,471922.0,Platinum,8.0,1005.0,4.0,26.0,20.0,1,8040.0,Old,1.2307692307692308,1608.0
C255,Male,19.0,Tier 1,478912.0,Gold,21.0,854.0,3.0,16.0,22.0,1,17934.0,Young,5.25,2445.5454545454545
C256,Other,39.0,Tier 3,555822.0,Silver,25.0,,2.0,35.0,23.0,0,,Mid-Age Adults,2.857142857142857,
C257,Other,21.0,Tier 2,582454.0,Silver,,1179.0,3.0,33.0,26.0,1,,Young,,
C258,Female,38.0,Tier 2,521326.0,Gold,20.0,836.0,2.0,7.0,34.0,0,16720.0,Mid-Age Adults,11.428571428571429,983.5294117647059
C259,Female,51.0,Tier 2,480787.0,Platinum,5.0,1502.0,1.0,34.0,7.0,1,7510.0,Old,0.5882352941176471,1072.857142857143
C260,Male,51.0,Tier 3,610110.0,Silver,12.0,808.0,3.0,7.0,34.0,0,9696.0,Old,6.857142857142857,855.5294117647059
C261,Other,38.0,Tier 3,561919.0,Gold,,1500.0,1.0,20.0,30.0,0,,Mid-Age Adults,,
C262,Female,30.0,Tier 3,349671.0,Gold,18.0,1417.0,4.0,11.0,18.0,0,25506.0,Young Adults,6.545454545454546,5668.0
C263,Male,60.0,Tier 2,470485.0,Gold,13.0,1428.0,1.0,10.0,6.0,0,18564.0,Old,5.2,3094.0
C264,Female,55.0,Tier 3,458408.0,Silver,22.0,478.0,3.0,28.0,33.0,0,10516.0,Old,3.142857142857143,956.0
C265,Female,53.0,Tier 2,,Silver,16.0,,2.0,35.0,2.0,1,,Old,1.8285714285714285,
C266,Female,52.0,Tier 3,581166.0,Gold,25.0,838.0,3.0,26.0,27.0,0,20950.0,Old,3.8461538461538463,2327.777777777778
C267,Male,41.0,,626631.0,Silver,11.0,535.0,4.0,13.0,32.0,0,5885.0,Mid-Age Adults,3.3846153846153846,735.625
C268,Female,44.0,Tier 3,1986784.0,Silver,17.0,715.0,4.0,29.0,29.0,0,12155.0,Mid-Age Adults,2.3448275862068964,1676.551724137931
C269,Other,45.0,Tier 2,471779.0,Silver,11.0,1218.0,5.0,25.0,25.0,0,13398.0,Mid-Age Adults,1.76,2679.6
C270,Other,23.0,Tier 3,446750.0,Gold,23.0,1046.0,1.0,25.0,5.0,1,24058.0,Young,3.68,4811.6
C271,Female,47.0,Tier 2,670755.0,Gold,23.0,969.0,1.0,,20.0,1,22287.0,Old,,1114.35
C272,Female,49.0,Tier 3,650283.0,Platinum,4.0,748.0,2.0,12.0,17.0,1,2992.0,Old,1.3333333333333333,352.0
C273,Female,23.0,Tier 3,613576.0,Gold,18.0,1776.0,,33.0,12.0,0,31968.0,Young,2.1818181818181817,
C274,Female,48.0,Tier 3,253402.0,Gold,4.0,881.0,3.0,8.0,24.0,0,3524.0,Old,2.0,440.5
C275,Other,59.0,Tier 2,619248.0,Platinum,11.0,1118.0,3.0,17.0,2.0,1,12298.0,Old,2.588235294117647,18447.0
C276,Female,24.0,Tier 3,594537.0,,5.0,958.0,5.0,10.0,10.0,1,4790.0,Young,2.0,2395.0
C277,Male,29.0,Tier 2,560390.0,Gold,25.0,1137.0,1.0,19.0,5.0,0,28425.0,Young Adults,5.2631578947368425,5685.0
C278,Male,46.0,Tier 1,690133.0,Silver,23.0,1301.0,,30.0,,0,29923.0,Old,3.066666666666667,
C279,Male,59.0,Tier 1,590512.0,Gold,19.0,1035.0,1.0,32.0,24.0,0,19665.0,Old,2.375,819.375
C280,Female,21.0,Tier 3,491487.0,Silver,13.0,,4.0,19.0,24.0,0,,Young,2.736842105263158,
C281,Other,30.0,,597334.0,Gold,13.0,1031.0,,32.0,27.0,0,13403.0,Young Adults,1.625,
C282,Other,52.0,Tier 3,584772.0,Gold,,2030.0,2.0,33.0,31.0,1,,Old,,
C283,Male,25.0,Tier 3,654534.0,Platinum,25.0,1069.0,2.0,,19.0,0,26725.0,Young Adults,,2813.157894736842
C284,Male,41.0,Tier 2,694145.0,Platinum,4.0,,1.0,16.0,32.0,1,,Mid-Age Adults,1.0,
C285,Male,58.0,Tier 2,305425.0,Silver,23.0,796.0,3.0,13.0,35.0,0,18308.0,Old,7.076923076923077,1569.2571428571428
C286,Other,50.0,Tier 3,325504.0,Silver,19.0,1059.0,1.0,20.0,31.0,1,20121.0,Old,3.8,649.0645161290323
C287,Other,29.0,Tier 1,552210.0,Platinum,17.0,1870.0,1.0,30.0,14.0,1,31790.0,Young Adults,2.2666666666666666,2270.714285714286
C288,Male,48.0,Tier 1,589231.0,Gold,18.0,1112.0,2.0,,10.0,0,20016.0,Old,,4003.2
C289,Female,44.0,Tier 2,649528.0,Platinum,22.0,315.0,5.0,25.0,31.0,0,6930.0,Mid-Age Adults,3.52,1117.741935483871
C290,Other,33.0,Tier 2,578273.0,Silver,17.0,1508.0,,22.0,8.0,1,25636.0,Young Adults,3.090909090909091,
C291,Male,53.0,Tier 3,372569.0,Gold,4.0,1657.0,5.0,21.0,10.0,0,6628.0,Old,0.7619047619047619,3314.0
C292,Male,41.0,Tier 3,,Platinum,17.0,1033.0,5.0,9.0,23.0,1,17561.0,Mid-Age Adults,7.555555555555555,3817.608695652174
C293,Other,41.0,Tier 1,,Gold,6.0,2108.0,3.0,22.0,15.0,1,12648.0,Mid-Age Adults,1.0909090909090908,2529.6
C294,Female,40.0,Tier 3,,Gold,7.0,1299.0,3.0,28.0,6.0,0,9093.0,Mid-Age Adults,1.0,4546.5
C295,Male,23.0,Tier 1,494876.0,Gold,8.0,860.0,3.0,36.0,24.0,1,6880.0,Young,0.8888888888888888,860.0
C296,Female,30.0,Tier 1,649640.0,Platinum,14.0,857.0,5.0,11.0,21.0,0,11998.0,Young Adults,5.090909090909091,2856.6666666666665
C297,Male,48.0,Tier 2,558587.0,Gold,9.0,1008.0,2.0,17.0,30.0,1,9072.0,Old,2.1176470588235294,604.8
C298,Male,53.0,Tier 3,607477.0,Platinum,7.0,1333.0,2.0,,34.0,0,9331.0,Old,,548.8823529411765
C299,Female,36.0,Tier 3,674504.0,Gold,19.0,995.0,,14.0,7.0,1,18905.0,Mid-Age Adults,5.428571428571429,
C300,Other,51.0,Tier 2,517615.0,Platinum,20.0,808.0,5.0,18.0,29.0,0,16160.0,Old,4.444444444444445,2786.206896551724
C301,Male,36.0,Tier 2,496684.0,Platinum,17.0,1350.0,4.0,33.0,7.0,0,22950.0,Mid-Age Adults,2.0606060606060606,13114.285714285714
C302,Female,51.0,Tier 1,640838.0,Silver,17.0,831.0,2.0,16.0,4.0,0,14127.0,Old,4.25,7063.5
C303,Other,37.0,Tier 3,,Gold,24.0,1742.0,4.0,27.0,9.0,0,41808.0,Mid-Age Adults,3.5555555555555554,18581.333333333332
C304,Male,56.0,Tier 3,599612.0,Platinum,7.0,,3.0,17.0,10.0,1,,Old,1.6470588235294117,
C305,Female,41.0,,457145.0,Silver,9.0,702.0,3.0,28.0,19.0,0,6318.0,Mid-Age Adults,1.2857142857142858,997.578947368421
C306,Male,52.0,,336553.0,Gold,9.0,1798.0,2.0,29.0,35.0,1,16182.0,Old,1.2413793103448276,924.6857142857143
C307,Female,47.0,Tier 1,628523.0,Gold,18.0,1177.0,3.0,30.0,16.0,1,21186.0,Old,2.4,3972.375
C308,Other,32.0,Tier 1,583596.0,Silver,,749.0,5.0,36.0,6.0,1,,Young Adults,,
C309,Male,25.0,Tier 1,843490.0,Silver,12.0,1251.0,5.0,23.0,8.0,1,15012.0,Young Adults,2.0869565217391304,9382.5
C310,Other,31.0,Tier 2,,Platinum,20.0,1490.0,2.0,12.0,26.0,1,29800.0,Young Adults,6.666666666666667,2292.3076923076924
C311,Female,25.0,Tier 2,607721.0,Gold,5.0,1289.0,4.0,33.0,28.0,0,6445.0,Young Adults,0.6060606060606061,920.7142857142857
C312,Male,22.0,Tier 2,,Platinum,18.0,1388.0,4.0,10.0,12.0,1,24984.0,Young,7.2,8328.0
C313,Female,30.0,Tier 2,775842.0,Gold,22.0,1738.0,4.0,19.0,34.0,0,38236.0,Young Adults,4.631578947368421,4498.35294117647
C314,Male,25.0,Tier 2,,Platinum,,995.0,3.0,10.0,35.0,0,,Young Adults,,
C315,Male,36.0,Tier 2,431247.0,Platinum,5.0,1149.0,4.0,,13.0,0,5745.0,Mid-Age Adults,,1767.6923076923076
C316,Other,28.0,Tier 1,556686.0,Platinum,25.0,1637.0,2.0,22.0,26.0,0,40925.0,Young Adults,4.545454545454546,3148.076923076923
C317,Female,38.0,,346904.0,Platinum,24.0,1811.0,3.0,14.0,21.0,1,43464.0,Mid-Age Adults,6.857142857142857,6209.142857142857
C318,Female,25.0,Tier 1,531039.0,Gold,,,3.0,25.0,33.0,1,,Young Adults,,
C319,Female,49.0,Tier 3,428547.0,Gold,6.0,538.0,1.0,32.0,7.0,1,3228.0,Old,0.75,461.14285714285717
C320,Other,39.0,Tier 3,648780.0,Silver,13.0,1229.0,4.0,28.0,13.0,1,15977.0,Mid-Age Adults,1.8571428571428572,4916.0
C321,Other,49.0,Tier 3,395204.0,Platinum,22.0,681.0,4.0,28.0,29.0,1,14982.0,Old,3.142857142857143,2066.4827586206898
C322,Other,31.0,Tier 2,509705.0,Platinum,8.0,1867.0,4.0,20.0,4.0,0,14936.0,Young Adults,1.6,14936.0
C323,Male,19.0,Tier 2,518849.0,Platinum,31.0,,4.0,35.0,10.0,1,,Young,3.5428571428571427,
C324,Other,60.0,Tier 3,520510.0,Silver,22.0,1090.0,4.0,13.0,30.0,1,23980.0,Old,6.769230769230769,3197.3333333333335
C325,Female,52.0,Tier 1,226373.0,Gold,15.0,1178.0,,32.0,17.0,0,17670.0,Old,1.875,
C326,Female,58.0,Tier 2,522287.0,Silver,16.0,1478.0,2.0,12.0,22.0,0,23648.0,Old,5.333333333333333,2149.818181818182
C327,Male,35.0,Tier 2,771874.0,Platinum,7.0,1650.0,3.0,24.0,31.0,1,11550.0,Young Adults,1.1666666666666667,1117.741935483871
C328,Other,59.0,Tier 2,517733.0,Platinum,7.0,757.0,2.0,32.0,30.0,1,5299.0,Old,0.875,353.26666666666665
C329,Female,29.0,Tier 2,858803.0,Silver,22.0,1223.0,5.0,21.0,12.0,0,26906.0,Young Adults,4.190476190476191,11210.833333333334
C330,Other,34.0,Tier 2,,Platinum,18.0,1190.0,2.0,32.0,33.0,0,21420.0,Young Adults,2.25,1298.1818181818182
C331,Male,56.0,Tier 2,573770.0,,11.0,1142.0,4.0,34.0,27.0,0,12562.0,Old,1.2941176470588236,1861.037037037037
C332,Other,45.0,Tier 2,,Silver,23.0,981.0,,19.0,27.0,1,22563.0,Mid-Age Adults,4.842105263157895,
C333,Other,20.0,Tier 2,546069.0,Gold,20.0,982.0,2.0,15.0,29.0,0,19640.0,Young,5.333333333333333,1354.4827586206898
C334,Other,34.0,Tier 2,464458.0,Silver,24.0,1242.0,2.0,12.0,29.0,0,29808.0,Young Adults,8.0,2055.7241379310344
C335,Male,46.0,Tier 3,519402.0,Platinum,6.0,1801.0,5.0,28.0,2.0,1,10806.0,Old,0.8571428571428571,27015.0
C336,Female,22.0,Tier 2,,Platinum,15.0,1636.0,,29.0,31.0,0,24540.0,Young,2.0689655172413794,
C337,Other,,Tier 1,699530.0,Platinum,22.0,370.0,3.0,9.0,26.0,0,8140.0,Old,9.777777777777779,939.2307692307693
C338,Male,33.0,Tier 2,508877.0,Gold,24.0,1051.0,3.0,18.0,25.0,0,25224.0,Young Adults,5.333333333333333,3026.88
C339,Female,42.0,Tier 3,381098.0,Gold,17.0,888.0,2.0,36.0,35.0,0,15096.0,Mid-Age Adults,1.8888888888888888,862.6285714285714
C340,Female,23.0,Tier 2,416730.0,Gold,13.0,1900.0,5.0,10.0,18.0,1,24700.0,Young,5.2,6861.111111111111
C341,Other,19.0,Tier 3,662281.0,Silver,13.0,1708.0,4.0,36.0,13.0,1,22204.0,Young,1.4444444444444444,6832.0
C342,Other,56.0,Tier 3,,,18.0,748.0,5.0,33.0,25.0,0,13464.0,Old,2.1818181818181817,2692.8
C343,Female,23.0,Tier 1,487057.0,Silver,24.0,1395.0,5.0,21.0,,1,33480.0,Young,4.571428571428571,
C344,Male,46.0,,403344.0,Gold,5.0,1485.0,4.0,30.0,20.0,0,7425.0,Old,0.6666666666666666,1485.0
C345,Female,50.0,Tier 3,521160.0,Silver,17.0,1050.0,4.0,26.0,24.0,0,17850.0,Old,2.6153846153846154,2975.0
C346,Male,28.0,Tier 1,635315.0,Platinum,23.0,1377.0,3.0,20.0,25.0,1,31671.0,Young Adults,4.6,3800.52
C347,Other,31.0,Tier 3,506684.0,Silver,17.0,1663.0,,18.0,12.0,1,28271.0,Young Adults,3.7777777777777777,
C348,Male,39.0,Tier 3,420272.0,Gold,21.0,1446.0,5.0,8.0,30.0,1,30366.0,Mid-Age Adults,10.5,5061.0
C349,Male,57.0,Tier 1,621172.0,Platinum,15.0,1076.0,5.0,11.0,23.0,1,16140.0,Old,5.454545454545454,3508.695652173913
C350,Male,46.0,Tier 1,589135.0,Platinum,17.0,699.0,5.0,32.0,28.0,0,11883.0,Old,2.125,2121.964285714286
C351,Male,46.0,Tier 1,,Gold,9.0,,2.0,27.0,35.0,0,,Old,1.3333333333333333,
C352,Female,53.0,Tier 3,,Gold,8.0,1619.0,5.0,21.0,27.0,0,12952.0,Old,1.5238095238095237,2398.5185185185187
C353,Male,20.0,Tier 2,465478.0,Platinum,21.0,636.0,,25.0,21.0,1,13356.0,Young,3.36,
C354,Other,21.0,Tier 2,,Platinum,22.0,1442.0,5.0,27.0,16.0,0,31724.0,Young,3.259259259259259,9913.75
C355,Other,54.0,Tier 3,396348.0,Platinum,15.0,1901.0,4.0,35.0,15.0,0,28515.0,Old,1.7142857142857142,7604.0
C356,Other,51.0,Tier 3,300168.0,Gold,19.0,1878.0,5.0,11.0,34.0,1,35682.0,Old,6.909090909090909,5247.35294117647
C357,Other,31.0,Tier 1,575322.0,Silver,7.0,1161.0,1.0,16.0,3.0,1,8127.0,Young Adults,1.75,2709.0
C358,Other,44.0,Tier 2,484609.0,,6.0,1359.0,5.0,19.0,10.0,0,8154.0,Mid-Age Adults,1.263157894736842,4077.0
C359,Female,60.0,Tier 3,545483.0,Gold,14.0,1641.0,3.0,,21.0,1,22974.0,Old,,3282.0
C360,Other,53.0,Tier 3,563707.0,Platinum,4.0,1260.0,1.0,33.0,30.0,0,5040.0,Old,0.48484848484848486,168.0
C361,Female,55.0,Tier 1,,Platinum,7.0,1177.0,2.0,16.0,12.0,0,8239.0,Old,1.75,1373.1666666666667
C362,Male,19.0,Tier 2,586936.0,Gold,,515.0,2.0,19.0,19.0,0,,Young,,
C363,Other,44.0,Tier 1,388217.0,Gold,7.0,1497.0,3.0,34.0,15.0,1,10479.0,Mid-Age Adults,0.8235294117647058,2095.8
C364,Female,52.0,Tier 1,570503.0,Gold,23.0,,4.0,28.0,24.0,1,,Old,3.2857142857142856,
C365,Other,50.0,Tier 1,552212.0,Gold,21.0,1339.0,5.0,28.0,18.0,0,28119.0,Old,3.0,7810.833333333333
C366,Female,33.0,Tier 2,485228.0,Silver,4.0,,2.0,29.0,27.0,1,,Young Adults,0.5517241379310345,
C367,Other,19.0,Tier 3,456603.0,Gold,9.0,548.0,1.0,,3.0,0,4932.0,Young,,1644.0
C368,Male,23.0,Tier 3,616223.0,Gold,19.0,2002.0,2.0,10.0,34.0,1,38038.0,Young,7.6,2237.529411764706
C369,Other,54.0,Tier 3,636110.0,Silver,11.0,1012.0,1.0,24.0,,0,11132.0,Old,1.8333333333333333,
C370,Other,59.0,Tier 2,613232.0,Platinum,20.0,1848.0,3.0,,14.0,1,36960.0,Old,,7920.0
C371,Other,32.0,Tier 2,738459.0,Gold,,,3.0,22.0,23.0,0,,Young Adults,,
C372,Other,33.0,Tier 3,611235.0,Platinum,5.0,1136.0,,8.0,29.0,1,5680.0,Young Adults,2.5,
C373,Other,21.0,Tier 2,646791.0,Platinum,18.0,1353.0,5.0,28.0,31.0,1,24354.0,Young,2.5714285714285716,3928.064516129032
C374,Male,,Tier 3,265633.0,Platinum,15.0,1060.0,2.0,11.0,29.0,0,15900.0,Old,5.454545454545454,1096.551724137931
C375,Female,55.0,Tier 1,573827.0,Gold,25.0,626.0,5.0,13.0,14.0,0,15650.0,Old,7.6923076923076925,5589.285714285715
C376,Male,60.0,Tier 3,619722.0,Platinum,13.0,590.0,1.0,27.0,16.0,1,7670.0,Old,1.9259259259259258,479.375
C377,Male,48.0,Tier 2,454187.0,Silver,4.0,1736.0,5.0,7.0,20.0,0,6944.0,Old,2.2857142857142856,1736.0
C378,Other,29.0,Tier 3,443946.0,Gold,40.0,1429.0,3.0,14.0,25.0,0,57160.0,Young Adults,11.428571428571429,6859.2
C379,Other,22.0,Tier 1,339571.0,Gold,24.0,2032.0,2.0,11.0,5.0,0,48768.0,Young,8.727272727272727,19507.2
C380,Male,50.0,Tier 2,513453.0,Platinum,16.0,1238.0,4.0,29.0,32.0,0,19808.0,Old,2.206896551724138,2476.0
C381,Female,35.0,Tier 3,,Silver,11.0,1443.0,5.0,15.0,10.0,0,15873.0,Young Adults,2.933333333333333,7936.5
C382,Female,51.0,,367698.0,Gold,19.0,1197.0,2.0,35.0,34.0,1,22743.0,Old,2.1714285714285713,1337.8235294117646
C383,Female,32.0,Tier 1,470947.0,Platinum,25.0,524.0,2.0,30.0,,0,13100.0,Young Adults,3.3333333333333335,
C384,Female,40.0,Tier 2,668454.0,Silver,8.0,1059.0,2.0,32.0,31.0,0,8472.0,Mid-Age Adults,1.0,546.5806451612904
C385,Female,23.0,Tier 1,579102.0,Gold,15.0,1271.0,1.0,18.0,28.0,0,19065.0,Young,3.3333333333333335,680.8928571428571
C386,Other,52.0,,509817.0,Silver,22.0,1990.0,4.0,,26.0,1,43780.0,Old,,6735.384615384615
C387,Female,54.0,Tier 3,544328.0,Platinum,23.0,,4.0,28.0,31.0,1,,Old,3.2857142857142856,
C388,Male,38.0,Tier 2,501954.0,Gold,10.0,1399.0,4.0,16.0,34.0,0,13990.0,Mid-Age Adults,2.5,1645.8823529411766
C389,Female,,Tier 1,613911.0,Silver,19.0,764.0,3.0,18.0,21.0,1,14516.0,Old,4.222222222222222,2073.714285714286
C390,Female,33.0,Tier 3,661537.0,Silver,5.0,494.0,5.0,29.0,15.0,0,2470.0,Young Adults,0.6896551724137931,823.3333333333334
C391,Other,25.0,Tier 1,687296.0,Gold,,672.0,4.0,34.0,,1,,Young Adults,,
C392,Other,26.0,Tier 3,522850.0,Platinum,8.0,1625.0,1.0,10.0,27.0,1,13000.0,Young Adults,3.2,481.48148148148147
C393,Other,35.0,Tier 2,564352.0,Platinum,24.0,1526.0,1.0,8.0,5.0,1,36624.0,Young Adults,12.0,7324.8
C394,Male,41.0,Tier 1,624239.0,Gold,6.0,1714.0,2.0,23.0,22.0,1,10284.0,Mid-Age Adults,1.0434782608695652,934.9090909090909
C395,Other,31.0,Tier 2,677465.0,Gold,40.0,1018.0,1.0,26.0,6.0,0,40720.0,Young Adults,6.153846153846154,6786.666666666667
C396,Female,56.0,Tier 1,625952.0,Platinum,23.0,589.0,2.0,35.0,32.0,1,13547.0,Old,2.6285714285714286,846.6875
C397,Other,55.0,Tier 3,543051.0,Silver,7.0,1527.0,5.0,22.0,11.0,1,10689.0,Old,1.2727272727272727,4858.636363636364
C398,Male,56.0,Tier 2,566061.0,Platinum,17.0,,3.0,8.0,17.0,1,,Old,8.5,
C399,Other,42.0,Tier 1,1957345.0,Silver,8.0,1651.0,5.0,14.0,29.0,0,13208.0,Mid-Age Adults,2.2857142857142856,2277.2413793103447
C400,Male,30.0,Tier 1,540350.0,Platinum,19.0,1013.0,2.0,26.0,11.0,0,19247.0,Young Adults,2.923076923076923,3499.4545454545455
C401,Male,42.0,Tier 1,656382.0,Silver,16.0,637.0,5.0,29.0,11.0,1,10192.0,Mid-Age Adults,2.206896551724138,4632.727272727273
C402,Male,50.0,Tier 2,610124.0,Platinum,24.0,783.0,1.0,13.0,18.0,0,18792.0,Old,7.384615384615385,1044.0
C403,Other,49.0,Tier 2,703351.0,Platinum,15.0,1095.0,2.0,28.0,17.0,1,16425.0,Old,2.142857142857143,1932.3529411764705
C404,Male,25.0,Tier 3,566198.0,Silver,17.0,1365.0,5.0,19.0,28.0,1,23205.0,Young Adults,3.5789473684210527,4143.75
C405,Male,58.0,Tier 2,318437.0,Platinum,9.0,,4.0,30.0,13.0,1,,Old,1.2,
C406,Male,49.0,Tier 1,673821.0,Silver,10.0,605.0,5.0,9.0,26.0,1,6050.0,Old,4.444444444444445,1163.4615384615386
C407,Female,19.0,Tier 2,,Gold,39.0,1555.0,1.0,31.0,33.0,0,60645.0,Young,5.032258064516129,1837.7272727272727
C408,Other,45.0,Tier 3,559874.0,Gold,5.0,1626.0,1.0,30.0,,1,8130.0,Mid-Age Adults,0.6666666666666666,
C409,Other,35.0,Tier 1,487925.0,Gold,4.0,1763.0,1.0,32.0,30.0,0,7052.0,Young Adults,0.5,235.06666666666666
C410,Female,57.0,Tier 2,825867.0,Platinum,16.0,1054.0,5.0,29.0,10.0,1,16864.0,Old,2.206896551724138,8432.0
C411,Female,53.0,Tier 2,496539.0,Platinum,9.0,1781.0,4.0,36.0,26.0,1,16029.0,Old,1.0,2466.0
C412,Other,34.0,Tier 3,739548.0,Platinum,14.0,990.0,,36.0,26.0,0,13860.0,Young Adults,1.5555555555555556,
C413,Male,32.0,Tier 2,499577.0,Silver,15.0,1087.0,1.0,13.0,29.0,0,16305.0,Young Adults,4.615384615384615,562.2413793103449
C414,Other,26.0,Tier 3,,Gold,13.0,832.0,5.0,34.0,4.0,0,10816.0,Young Adults,1.5294117647058822,13520.0
C415,Other,25.0,Tier 3,429503.0,Gold,14.0,892.0,2.0,34.0,33.0,0,12488.0,Young Adults,1.6470588235294117,756.8484848484849
C416,Other,28.0,Tier 3,545837.0,Gold,20.0,1293.0,5.0,31.0,5.0,0,25860.0,Young Adults,2.5806451612903225,25860.0
C417,Female,59.0,Tier 1,736060.0,Silver,,800.0,2.0,28.0,5.0,0,,Old,,
C418,Male,21.0,Tier 3,668118.0,Platinum,7.0,1114.0,2.0,29.0,7.0,0,7798.0,Young,0.9655172413793104,2228.0
C419,Female,58.0,,544064.0,Platinum,4.0,1469.0,1.0,22.0,29.0,1,5876.0,Old,0.7272727272727273,202.6206896551724
C420,Male,38.0,Tier 3,,Platinum,20.0,1352.0,1.0,28.0,13.0,1,27040.0,Mid-Age Adults,2.857142857142857,2080.0
C421,Male,53.0,Tier 2,569974.0,Silver,5.0,1396.0,5.0,,21.0,0,6980.0,Old,,1661.904761904762
C422,Other,52.0,Tier 3,584700.0,Gold,7.0,,2.0,11.0,15.0,0,,Old,2.5454545454545454,
C423,Male,57.0,Tier 3,473471.0,Gold,25.0,987.0,1.0,27.0,14.0,1,24675.0,Old,3.7037037037037037,1762.5
C424,Female,27.0,Tier 2,475223.0,Gold,21.0,977.0,3.0,32.0,2.0,1,20517.0,Young Adults,2.625,30775.5
C425,Female,24.0,Tier 1,473513.0,Gold,22.0,1675.0,1.0,19.0,27.0,1,36850.0,Young,4.631578947368421,1364.8148148148148
C426,Female,18.0,Tier 3,720460.0,Platinum,24.0,971.0,5.0,21.0,31.0,0,23304.0,Young,4.571428571428571,3758.7096774193546
C427,Female,51.0,Tier 1,450117.0,Gold,,1388.0,2.0,16.0,33.0,1,,Old,,
C428,Female,50.0,Tier 1,483733.0,Platinum,23.0,,4.0,14.0,35.0,1,,Old,6.571428571428571,
C429,Other,46.0,Tier 3,574350.0,Silver,20.0,593.0,2.0,36.0,9.0,0,11860.0,Old,2.2222222222222223,2635.5555555555557
C430,Female,34.0,Tier 3,735700.0,Platinum,18.0,,1.0,18.0,24.0,1,,Young Adults,4.0,
C431,Female,,Tier 2,476465.0,Silver,4.0,1044.0,4.0,35.0,19.0,0,4176.0,Old,0.45714285714285713,879.1578947368421
C432,Other,46.0,Tier 2,2057173.0,Platinum,5.0,1333.0,1.0,22.0,19.0,0,6665.0,Old,0.9090909090909091,350.7894736842105
C433,Other,49.0,Tier 3,629025.0,Gold,16.0,2004.0,2.0,31.0,5.0,0,32064.0,Old,2.064516129032258,12825.6
C434,Female,56.0,Tier 2,528766.0,Gold,20.0,880.0,3.0,33.0,32.0,1,17600.0,Old,2.4242424242424243,1650.0
C435,Other,50.0,Tier 1,384481.0,Silver,12.0,907.0,5.0,19.0,21.0,1,10884.0,Old,2.526315789473684,2591.4285714285716
C436,Male,39.0,Tier 1,546024.0,Gold,17.0,1917.0,,13.0,19.0,1,32589.0,Mid-Age Adults,5.230769230769231,
C437,Female,29.0,Tier 2,487886.0,Silver,8.0,1289.0,5.0,27.0,26.0,1,10312.0,Young Adults,1.1851851851851851,1983.076923076923
C438,Male,58.0,,548029.0,Silver,,1675.0,4.0,30.0,10.0,0,,Old,,
C439,Other,40.0,Tier 2,853231.0,Gold,20.0,987.0,2.0,8.0,14.0,0,19740.0,Mid-Age Adults,10.0,2820.0
C440,Female,52.0,Tier 1,491267.0,Gold,,1617.0,1.0,21.0,35.0,1,,Old,,
C441,Female,35.0,Tier 1,631826.0,Platinum,8.0,1938.0,2.0,,24.0,0,15504.0,Young Adults,,1292.0
C442,Female,23.0,Tier 3,620071.0,Gold,4.0,1056.0,2.0,39.0,26.0,0,4224.0,Young,0.41025641025641024,324.9230769230769
C443,Other,58.0,Tier 1,620878.0,Platinum,16.0,1643.0,3.0,22.0,13.0,1,26288.0,Old,2.909090909090909,6066.461538461538
C444,Male,54.0,Tier 3,648457.0,Silver,,1402.0,4.0,30.0,2.0,0,,Old,,
C445,Female,19.0,Tier 1,,Silver,24.0,,1.0,34.0,14.0,0,,Young,2.823529411764706,
C446,Male,37.0,Tier 1,715859.0,Platinum,7.0,1459.0,4.0,7.0,26.0,0,10213.0,Mid-Age Adults,4.0,1571.2307692307693
C447,Male,42.0,Tier 3,529945.0,Silver,13.0,1258.0,1.0,12.0,23.0,0,16354.0,Mid-Age Adults,4.333333333333333,711.0434782608696
C448,Male,60.0,Tier 3,694781.0,Gold,6.0,873.0,2.0,30.0,32.0,1,5238.0,Old,0.8,327.375
C449,Other,45.0,Tier 2,594240.0,Gold,19.0,1042.0,3.0,36.0,28.0,0,19798.0,Mid-Age Adults,2.111111111111111,2121.214285714286
C450,Other,52.0,Tier 2,553449.0,Platinum,6.0,81.0,1.0,11.0,5.0,0,486.0,Old,2.1818181818181817,97.2
C451,Male,36.0,Tier 3,703414.0,Silver,8.0,1527.0,,,12.0,0,12216.0,Mid-Age Adults,,
C452,Male,23.0,Tier 1,371272.0,Silver,20.0,1209.0,3.0,7.0,11.0,1,24180.0,Young,11.428571428571429,6594.545454545455
C453,Other,29.0,Tier 1,560794.0,Gold,22.0,1501.0,2.0,19.0,10.0,0,33022.0,Young Adults,4.631578947368421,6604.4
C454,Other,21.0,Tier 1,387970.0,Silver,14.0,1798.0,1.0,13.0,8.0,0,25172.0,Young,4.3076923076923075,3146.5
C455,Male,33.0,Tier 3,,Gold,5.0,1306.0,1.0,,7.0,1,6530.0,Young Adults,,932.8571428571429
C456,Female,36.0,Tier 3,501834.0,Silver,17.0,1415.0,,22.0,4.0,1,24055.0,Mid-Age Adults,3.090909090909091,
C457,Other,47.0,Tier 3,555754.0,Platinum,9.0,1683.0,5.0,17.0,10.0,0,15147.0,Old,2.1176470588235294,7573.5
C458,Other,45.0,Tier 3,377020.0,Platinum,22.0,1270.0,2.0,34.0,7.0,0,27940.0,Mid-Age Adults,2.588235294117647,7982.857142857143
C459,Female,28.0,Tier 1,599021.0,Silver,12.0,1125.0,4.0,10.0,33.0,0,13500.0,Young Adults,4.8,1636.3636363636363
C460,Female,44.0,Tier 3,501440.0,Gold,20.0,1054.0,1.0,30.0,2.0,1,21080.0,Mid-Age Adults,2.6666666666666665,10540.0
C461,Female,42.0,Tier 2,570956.0,Platinum,24.0,476.0,2.0,36.0,29.0,0,11424.0,Mid-Age Adults,2.6666666666666665,787.8620689655172
C462,Male,38.0,Tier 3,665801.0,Gold,19.0,1007.0,5.0,32.0,29.0,1,19133.0,Mid-Age Adults,2.375,3298.793103448276
C463,Male,31.0,Tier 3,565336.0,Silver,13.0,1346.0,2.0,,29.0,0,17498.0,Young Adults,,1206.7586206896551
C464,Male,30.0,Tier 2,486903.0,Platinum,22.0,171.0,5.0,25.0,22.0,0,3762.0,Young Adults,3.52,855.0
C465,Male,27.0,Tier 1,737862.0,Platinum,4.0,1173.0,4.0,8.0,14.0,1,4692.0,Young Adults,2.0,1340.5714285714287
C466,Other,42.0,Tier 1,483376.0,Silver,13.0,1952.0,4.0,20.0,29.0,0,25376.0,Mid-Age Adults,2.6,3500.137931034483
C467,Male,29.0,Tier 2,376238.0,Gold,25.0,320.0,1.0,10.0,3.0,0,8000.0,Young Adults,10.0,2666.6666666666665
C468,Male,49.0,Tier 3,602801.0,Platinum,17.0,999.0,1.0,10.0,31.0,0,16983.0,Old,6.8,547.8387096774194
C469,Male,41.0,Tier 3,427452.0,Gold,,1483.0,5.0,17.0,29.0,0,,Mid-Age Adults,,
C470,Male,57.0,Tier 1,579256.0,Platinum,16.0,974.0,1.0,10.0,27.0,0,15584.0,Old,6.4,577.1851851851852
C471,Other,28.0,Tier 1,,Platinum,21.0,1548.0,2.0,31.0,17.0,1,32508.0,Young Adults,2.7096774193548385,3824.470588235294
C472,Female,30.0,Tier 1,628024.0,Gold,8.0,1160.0,1.0,10.0,20.0,1,9280.0,Young Adults,3.2,464.0
C473,Male,22.0,Tier 2,771596.0,Silver,,771.0,3.0,12.0,2.0,1,,Young,,
C474,Male,39.0,Tier 2,,Platinum,10.0,923.0,2.0,35.0,22.0,1,9230.0,Mid-Age Adults,1.1428571428571428,839.0909090909091
C475,Other,26.0,Tier 2,544529.0,Platinum,19.0,1297.0,3.0,35.0,27.0,0,24643.0,Young Adults,2.1714285714285713,2738.1111111111113
C476,Male,31.0,Tier 2,521051.0,Gold,23.0,1340.0,1.0,23.0,28.0,0,30820.0,Young Adults,4.0,1100.7142857142858
C477,Female,19.0,Tier 2,399815.0,Silver,14.0,,3.0,17.0,6.0,1,,Young,3.2941176470588234,
C478,Other,31.0,Tier 2,540141.0,Platinum,17.0,1646.0,2.0,,19.0,1,27982.0,Young Adults,,2945.4736842105262
C479,Female,28.0,Tier 3,591127.0,Platinum,4.0,1382.0,,,3.0,1,5528.0,Young Adults,,
C480,Female,37.0,Tier 2,618372.0,Platinum,18.0,1379.0,3.0,,2.0,0,24822.0,Mid-Age Adults,,37233.0
C481,Other,45.0,Tier 1,627126.0,Platinum,5.0,1731.0,3.0,26.0,26.0,1,8655.0,Mid-Age Adults,0.7692307692307693,998.6538461538462
C482,Male,55.0,Tier 1,573582.0,Gold,20.0,1483.0,3.0,14.0,20.0,0,29660.0,Old,5.714285714285714,4449.0
C483,Other,33.0,Tier 3,,Gold,33.0,1776.0,3.0,23.0,22.0,0,58608.0,Young Adults,5.739130434782608,7992.0
C484,Other,47.0,Tier 3,468832.0,Gold,20.0,,4.0,34.0,8.0,1,,Old,2.3529411764705883,
C485,Other,25.0,Tier 2,1991968.0,Gold,21.0,627.0,5.0,21.0,8.0,0,13167.0,Young Adults,4.0,8229.375
C486,Other,45.0,Tier 1,565372.0,Gold,5.0,927.0,1.0,,8.0,0,4635.0,Mid-Age Adults,,579.375
C487,Female,43.0,Tier 3,650877.0,Silver,13.0,,2.0,22.0,17.0,1,,Mid-Age Adults,2.3636363636363638,
C488,Male,29.0,Tier 2,1910763.0,,6.0,,3.0,22.0,32.0,1,,Young Adults,1.0909090909090908,
C489,Other,36.0,Tier 3,495723.0,Silver,18.0,230.0,4.0,33.0,23.0,0,4140.0,Mid-Age Adults,2.1818181818181817,720.0
C490,Male,35.0,Tier 3,359931.0,Silver,,1504.0,4.0,13.0,26.0,0,,Young Adults,,
C491,Other,52.0,Tier 2,644296.0,Platinum,22.0,1370.0,1.0,33.0,29.0,0,30140.0,Old,2.6666666666666665,1039.3103448275863
C492,Female,25.0,Tier 2,433962.0,Platinum,25.0,,,16.0,9.0,0,,Young Adults,6.25,
C493,Male,45.0,,549567.0,Platinum,8.0,736.0,2.0,16.0,32.0,1,5888.0,Mid-Age Adults,2.0,368.0
C494,Other,58.0,Tier 2,730407.0,Gold,17.0,1550.0,2.0,13.0,7.0,0,26350.0,Old,5.230769230769231,7528.571428571428
C495,Other,29.0,Tier 2,523484.0,Platinum,18.0,1210.0,,31.0,10.0,0,21780.0,Young Adults,2.3225806451612905,
C496,Male,55.0,Tier 1,575005.0,Silver,16.0,383.0,5.0,8.0,8.0,1,6128.0,Old,8.0,3830.0
C497,Female,54.0,Tier 2,520338.0,Platinum,10.0,927.0,2.0,34.0,21.0,1,9270.0,Old,1.1764705882352942,882.8571428571429
C498,Female,57.0,Tier 1,429805.0,Platinum,,1087.0,1.0,12.0,18.0,0,,Old,,
C499,Other,57.0,Tier 1,765722.0,Platinum,21.0,1456.0,1.0,28.0,26.0,1,30576.0,Old,3.0,1176.0
C500,Female,44.0,,481458.0,Silver,24.0,,3.0,30.0,2.0,0,,Mid-Age Adults,3.2,
